team,season,CB_S,DL,LB,OL,QB,RB,ST,TE,WR,total_cap,pct_CB_S,pct_DL,pct_LB,pct_OL,pct_QB,pct_RB,pct_ST,pct_TE,pct_WR,wins,games,point_diff,win_pct
ARI,2016,47.164287,25.541979,6.883084,27.28953,25.315,3.301091,4.038,6.095825,15.493175,161.12197100000003,0.2927241189223039,0.1585257357607672,0.04271971077116478,0.16937187293966255,0.15711699554618777,0.020488149316395834,0.025061758957752568,0.037833604952610705,0.09615805283315457,7,16,56.0,0.4375
ARI,2017,41.372422,13.267494,10.19254,28.016685000000003,27.2274,7.345287,8.2375,10.600625,17.512047,163.77200000000002,0.2526220721490853,0.08101198006985319,0.06223615758493514,0.1710712759201817,0.1662518623452116,0.0448506887624258,0.05029858583884913,0.06472794494785433,0.10692943238160367,8,16,-66.0,0.5
ARI,2018,33.790741,32.143043,10.99594,26.971332,28.52864,17.553576,6.1667000000000005,10.2516,20.961408,187.36298,0.18034907963141916,0.17155493043503045,0.05868790088629034,0.1439523005024792,0.1522640171500261,0.09368753635323264,0.032913118696126634,0.054715184397686245,0.1118759319477092,3,16,-200.0,0.1875
ARI,2019,34.26614,20.601633,9.958,32.406618,11.251994,16.959404,3.3027,4.109999999999999,23.262409,156.118898,0.2194874575658355,0.1319611735921938,0.06378471874686177,0.20757652286272224,0.07207323484950554,0.10863133302414163,0.02115503018731275,0.0263260889786706,0.14900444019275616,5,16,-81.0,0.3125
ARI,2020,49.16578,24.781836,27.090771,39.564858,10.437161,11.649851,5.7486,7.592966,43.922048,219.95387100000002,0.22352768685757748,0.11266833307971195,0.12316569322846788,0.17987797996062546,0.04745159042915866,0.0529649737330606,0.026135480016171206,0.034520720028609994,0.19968754266661665,8,16,43.0,0.5
ARI,2021,32.994715,32.37543,20.783614,43.788744,10.167761,4.188118,4.75,13.462866,40.009851,202.52109900000002,0.1629198891518952,0.1598620102293638,0.10262443815792249,0.21621818277808177,0.05020593434563576,0.020679909504145045,0.023454346354302567,0.06647636254432926,0.19755892693432398,11,18,60.0,0.6111111111111112
ARI,2022,38.783523,23.353879,11.898014,47.615034,53.15,10.180147,6.7137,15.860081,42.485599,250.03997700000002,0.15510928878384914,0.09340058049997339,0.0475844468662705,0.1904296847699678,0.21256600899463365,0.0407140774932962,0.026850506389224312,0.06343018100661559,0.1699152251961693,4,17,-109.0,0.23529411764705882
ARI,2023,38.292083,10.101867,10.588412,38.36256,50.397656000000005,11.784973,7.958166999999999,6.045915,14.014598,187.54623100000003,0.2041741004115406,0.053863343166837614,0.05645761017719411,0.2045498850893996,0.2687212413242258,0.0628376957359383,0.04243309480316881,0.03223693149024146,0.07472609780145353,4,17,-125.0,0.23529411764705882
ARI,2024,53.209758,30.715732,19.896145,28.865224,47.147656,16.186346,8.4499,4.258393,19.851885,228.58103900000006,0.23278290374732258,0.13437567759065086,0.08704197464077497,0.12628004547656288,0.20626232257173346,0.07081228640316048,0.03696675820954684,0.018629686078205282,0.08684834528204237,8,17,21.0,0.47058823529411764
ATL,2013,18.328155,18.028563,7.475142,15.867012,20.75,5.653798,3.20895,7.615146,15.714938,112.64170399999999,0.1627119827661698,0.1600522928878988,0.0663621175333072,0.1408626772904643,0.18421241212757222,0.050192759868050295,0.028488116621531227,0.06760503196933172,0.1395126089356745,4,16,-90.0,0.25
ATL,2014,13.239723,27.015549,1.5757880000000002,20.908592,21.857724,5.335856,6.45125,0.615146,16.170938,113.17056600000001,0.11698910297930293,0.23871532992067918,0.013924009180973789,0.18475291534726437,0.19313965435146802,0.04714879662261298,0.057004663208983154,0.005435565286472102,0.14288996310224336,6,16,-36.0,0.375
ATL,2015,14.037632,21.930195,6.340667,16.998315,21.301474,2.228449,6.609583,3.545146,23.955205,116.946666,0.12003447793885805,0.18752304576173212,0.05421845031477854,0.1453510012846369,0.18214691131083635,0.019055258916060077,0.05651792587229464,0.030314211779239607,0.20483871682156377,8,16,-6.0,0.5
ATL,2016,23.185536,29.670723,13.504099,31.98797,23.051474,4.233449,7.594583,4.763654,24.428651,162.420139,0.14275037654043626,0.1826788425541244,0.08314300851571121,0.19694583563926146,0.141924973971362,0.026064803453960842,0.04675887514170887,0.029329207752986836,0.15040407643044806,13,19,167.0,0.6842105263157895
ATL,2017,35.445437,32.724147,9.636037,28.174768,26.0874,11.502243,6.609583,6.466825,29.236851,185.88329099999999,0.19068651522852584,0.17604673784261762,0.05183917794956622,0.151572354074579,0.1403428993518304,0.06187884310699018,0.0355577037852208,0.034789705762203235,0.15728606289846678,11,18,46.0,0.6111111111111112
ATL,2018,44.414395,19.567601,5.39063,42.140651,34.573333000000005,13.522227,9.919083,3.896558,27.58027,201.004748,0.22096191976519877,0.09734894918999625,0.02681842122455734,0.20965002776949326,0.17200256881494164,0.06727317207452234,0.04934750596040647,0.01938540277665481,0.13721203242422908,7,16,-9.0,0.4375
ATL,2019,34.936784,37.017036,19.224882,50.29922,33.211,11.693309,10.250417,6.041842,28.662398,231.336888,0.15102124136812978,0.16001354699644788,0.08310340026705988,0.2174284457392718,0.14356119461587985,0.05054666854513924,0.04430947908316291,0.026117071307711202,0.12389895207719748,7,16,-18.0,0.4375
ATL,2020,22.632505,41.189074,17.711928,41.700152,32.705282,11.469742,5.449735,5.625675,29.442631,207.926724,0.10884846625102408,0.19809418052486605,0.08518350916739302,0.20055215220916,0.15729234497052913,0.05516242346991433,0.02620988247763669,0.027056045955882034,0.14160099497359463,4,16,-18.0,0.25
ATL,2021,16.466226,26.689585,19.614394,32.121436,32.738333,4.572555,3.2356,15.271065,10.671788,161.380982,0.10203324949404509,0.16538246743349228,0.12154092605533905,0.19904102454897693,0.20286363730269036,0.02833391483514458,0.020049450436483277,0.09462741402825273,0.06612791586557579,7,17,-146.0,0.4117647058823529
ATL,2022,24.068643,29.133081,7.178165,34.853021,11.668241,10.458843,9.734,11.11796,14.460452,152.672406,0.1576489401758691,0.19082086778667784,0.04701678049142685,0.22828631521009762,0.07642665302595678,0.06850512986610036,0.06375742843798506,0.07282232782785908,0.09471555717802732,7,17,-21.0,0.4117647058823529
ATL,2023,21.21051,46.804732,10.544261,63.980521,9.235741,16.132479,8.893132999999999,19.105961,17.856236,213.763574,0.0992241550003276,0.21895560185572122,0.04932674357325257,0.2993050677567732,0.043205401309392405,0.07546879338759559,0.041602658645668034,0.08937893693712289,0.0835326415341465,7,17,-52.0,0.4117647058823529
ATL,2024,47.802018,41.79773,12.752761,64.567868,82.193059,10.286738,10.043333,14.465791,30.231648,314.14094600000004,0.1521674223264101,0.13305406548307777,0.040595666252307004,0.20553789253566454,0.26164388961889734,0.03274561349286826,0.03197078613241331,0.0460487280763457,0.09623593608201586,8,17,-34.0,0.47058823529411764
BAL,2016,44.091922,8.154376,6.563033,19.140109,24.380833,2.52614,8.57,9.964025,14.469211,137.859649,0.3198319618527391,0.059149838688476564,0.04760662781028842,0.13883764494424325,0.17685256836828303,0.018323998489217102,0.0621646730001467,0.07227658761846986,0.10495609922813601,8,16,22.0,0.5
BAL,2017,44.437246,5.159249,7.289267,31.55447,25.138333,7.835894,9.125,4.454025,18.290611,153.28409500000004,0.2899012190403707,0.03365808435637108,0.04755396833572327,0.20585612616886306,0.16399831306698842,0.051120072177090504,0.05952998580837756,0.02905732000440097,0.11932491104181418,9,16,92.0,0.5625
BAL,2018,42.331652,14.923262,6.604342,22.927073,26.081246,3.15658,9.141333,5.819045,20.583021,151.567554,0.2792923081677494,0.09845947635996026,0.043573586996066456,0.1512663653594357,0.17207670976863557,0.02082622511675553,0.06031193853006297,0.03839241873626858,0.13580097096506552,10,17,96.0,0.5882352941176471
BAL,2019,71.92571799999999,19.240579,7.791333,26.989735,5.038085000000001,11.567414,10.54,9.758298,16.016752,178.86791399999998,0.40211637957604845,0.10756864420077042,0.043559142753797644,0.1508919872571444,0.028166510624146938,0.06467014536771531,0.0589261638059915,0.05455588865423902,0.0895451377601463,14,17,233.0,0.8235294117647058
BAL,2020,82.536876,36.108462,7.856217,29.788792,0.867936,11.851774,9.3478,10.130624,18.259102,206.74758300000002,0.39921567547418435,0.17464998369533538,0.03799907542329044,0.14408290325696332,0.0041980466586639615,0.05732484911323002,0.04521358781737245,0.04899996339981395,0.08831591516114602,12,18,158.0,0.6666666666666666
BAL,2021,55.473014,21.592095,9.559251,47.272471,1.3632,12.330041,8.943332999999999,22.628044,17.160062,196.32151100000002,0.2825620774689331,0.10998333748562071,0.04869181655799297,0.24079109191452788,0.006943711838077692,0.06280534892582403,0.04555452407861713,0.11526013570667759,0.08740795602372885,8,17,-5.0,0.47058823529411764
BAL,2022,67.80018,22.334827,15.081488,48.387138,1.3792,12.433274,10.389458,18.258215,13.606162,209.66994200000002,0.3233662362533586,0.10652374292162488,0.0719296617156502,0.23077765719990515,0.006577957654989001,0.05929926760794353,0.049551489836344775,0.0870807461758157,0.06489324063436808,10,18,28.0,0.5555555555555556
BAL,2023,54.590336,13.795798,31.806545,48.75345,56.008,19.312493,9.719458,16.564304,28.75503,279.305414,0.1954503323734355,0.049393235177317404,0.11387729490986523,0.1745524703649318,0.2005260091377964,0.06914471410854929,0.034798673827353736,0.059305345223275914,0.10295192487747482,14,19,220.0,0.7368421052631579
BAL,2024,57.053656,38.611587,32.965192,25.083773,2.417097,17.5268,8.639458000000001,19.040138,22.975094,224.31279500000005,0.25434864738768015,0.1721327889476835,0.14696081870853597,0.11182497636837879,0.010775564541469869,0.0781355339092449,0.038515226026228234,0.08488208619575176,0.10242435791502662,13,19,169.0,0.6842105263157895
BUF,2013,21.572072,26.73446,5.686665,13.028295,2.221325,9.735917,0.568,3.854365000000001,10.340474,93.741573,0.23012278661037613,0.28519320878048415,0.06066321289488069,0.138980972721676,0.023696263343052717,0.10385911702164417,0.006059211317053533,0.04111692258460396,0.11030830472622856,6,16,-49.0,0.375
BUF,2014,23.175383,31.13446,4.563998,18.200697,7.721325,9.165304,4.059167,3.504365,15.333062000000002,116.857761,0.19832129934442266,0.2664303999457939,0.03905601100811781,0.15575086193890025,0.06607455879631308,0.07843128194112842,0.03473596417785209,0.029988294915217484,0.13121132793225435,9,16,54.0,0.5625
BUF,2015,24.115312,52.225533,6.719393,14.5175,6.082992000000001,13.780505,5.029167,8.694794,16.739062,147.904258,0.163046773136173,0.35310364763129404,0.045430693415195664,0.09815471303064176,0.041127903160164604,0.09317179360718608,0.03400285473863775,0.058786637501673546,0.1131749837790336,8,16,20.0,0.5
BUF,2016,25.892703,26.759734,8.851780999999999,32.089705,18.798148,13.007229,4.735834,9.669794,15.049622,154.85455000000002,0.1672066012913408,0.17280560371006212,0.05716190450974801,0.2072248119283547,0.12139228714945734,0.08399642761546237,0.030582465933354876,0.06244436472806255,0.09718553313415716,7,16,21.0,0.4375
BUF,2017,22.820522,27.639768,8.44267,37.067554,17.379877,14.7198,5.4394,10.9925,14.68386,159.18595100000002,0.14335763838857865,0.17363195574966284,0.053036527073925005,0.2328569435125591,0.10917971649395114,0.09246921545231085,0.0341701008526814,0.06905446071682543,0.09224344175950551,9,17,-64.0,0.5294117647058824
BUF,2018,23.49656,42.850614,9.779465,14.262127,8.369289,15.482733,7.566833,9.8354,11.722506,143.36552700000001,0.16389267693341647,0.29889063917018205,0.06821350435240962,0.09948086753100693,0.05837727642852385,0.10799481105384559,0.05278000338254258,0.06860366090657205,0.08176656024150072,6,16,-105.0,0.375
BUF,2019,23.131195,43.641493,12.128728,38.407511,6.845759,7.652900000000001,5.886,12.017538,21.204533,170.91565699999998,0.13533689894776582,0.25533935138546143,0.07096323539276453,0.2247161651199691,0.04005343407479632,0.04477588615535674,0.03443803864031018,0.07031268059894595,0.12406430968463003,10,17,52.0,0.5882352941176471
BUF,2020,48.53065,57.183725,20.278895,47.866314,8.048767000000002,9.64982,2.497606,9.093538,36.732415,239.88172999999998,0.20231073871278152,0.23838299398624485,0.08453705498955673,0.19954130729338998,0.03355306383691664,0.040227407064306234,0.010411822526042315,0.037908422621430994,0.15312718896933086,15,19,129.0,0.7894736842105263
BUF,2021,53.407709,42.597323,23.939686,42.988401,45.703622,6.586453000000001,4.193739,3.089371,32.600428,255.106732,0.2093543693703857,0.16697843552007874,0.09384184342105091,0.1685114330891119,0.17915490368164805,0.02581842097369661,0.016439154573153328,0.012110111621828937,0.12779132774904584,12,19,218.0,0.631578947368421
BUF,2022,59.924144,31.443997,22.361534,43.462133,47.645,7.277515999999999,4.444676,14.648638,35.822987,267.030625,0.22440925642892084,0.11775427256705107,0.08374145849375891,0.1627608556134713,0.17842522744348147,0.02725348824690052,0.016644817424967644,0.05485752055592875,0.13415310322551954,14,18,155.0,0.7777777777777778
BUF,2023,64.72905800000001,47.843076,25.785683,37.744728,44.4485,8.367816,8.537299999999998,19.20726,37.791775,294.455196,0.21982650970098694,0.1624799855798775,0.08757082011213685,0.12818496162655593,0.15095165785425638,0.028417960062080208,0.028993545082491932,0.06522982192509859,0.12834473805651575,12,19,151.0,0.631578947368421
BUF,2024,36.294305,67.507298,20.930856,36.520115,48.725,7.182146,10.247579,14.720094,41.37852,283.50591299999996,0.12801956973645204,0.23811601417992298,0.07382864003968764,0.12881606106042665,0.17186590390444523,0.02533331994384188,0.03614590923893711,0.05192164722151669,0.14595293467476994,15,20,180.0,0.75
CAR,2013,9.838924,8.453894,8.407476,15.491943,6.4113750000000005,6.399783,0.54467,5.7,2.4053500000000003,63.653414999999995,0.15457024575979153,0.13281131892138073,0.1320820886043585,0.24337960500626715,0.10072318979272363,0.10054107858942055,0.00855680720350982,0.08954743433639814,0.03778823178615005,12,17,112.0,0.7058823529411765
CAR,2014,5.958617,22.105155,11.052476,12.926244,7.296504,13.133333,3.64467,6.495,4.416063,87.028062,0.06846776617868383,0.2540003131403753,0.12699899027971,0.14852960875998825,0.08384081906822191,0.15090917456027,0.04187925039626873,0.07463110002380612,0.0507429775926758,8,18,-38.0,0.4444444444444444
CAR,2015,8.708617,16.596592,21.760628,14.948524,23.518129,10.411563,4.389670000000001,9.766667,6.64025,116.74063999999998,0.07459798918354398,0.14216636126031176,0.1864014793819873,0.12804901532148533,0.20145622809674507,0.08918541991889029,0.0376019011031634,0.08366124256300121,0.05688036317087178,17,19,219.0,0.8947368421052632
CAR,2016,14.917383,18.571784,23.528962,23.998748,23.94,10.101563,7.595,10.261667,8.991285999999999,141.90639299999998,0.10512128935586433,0.13087348362099516,0.16580621565090448,0.1691167500818656,0.16870275886724853,0.07118469285594485,0.053521196892094926,0.07231292955208861,0.06336068312299362,6,16,-33.0,0.375
CAR,2017,20.194882,42.16575,25.40697,41.481918,23.1324,11.666526,4.8574,12.126467,9.222304,190.25461700000002,0.10614660668129802,0.22162799865193283,0.13354193659331798,0.2180336995448578,0.12158653684604141,0.06132059333939842,0.02553104926751922,0.0637380957750949,0.048473483300539286,11,17,31.0,0.6470588235294118
CAR,2018,21.198784,45.963284,25.06047,42.522318,21.5666,9.180725,11.101667,11.594498000000002,16.6982,204.88654599999995,0.10346596403650635,0.22433529627660379,0.12231388780403377,0.20754080162979568,0.10526118196165016,0.044808823123017566,0.05418446070148502,0.05658984558214967,0.08149973888475821,7,16,-6.0,0.4375
CAR,2019,23.28017,49.261551,32.818942,40.957596,22.657449000000003,10.047612,7.274999999999999,11.632998,20.244911,218.17622900000003,0.10670351259944086,0.22578789277726488,0.1504240042575857,0.18772712402137998,0.10384930156621233,0.04605273473674348,0.03334460419150428,0.053319273384269554,0.09279155246559878,5,16,-130.0,0.3125
CAR,2020,31.255162,47.86309,32.254621,39.52816,23.589647000000003,20.07366,5.183334,2.7047980000000003,12.477811,214.930283,0.14542000114520856,0.2226912342547839,0.1500701555396919,0.18391154307464436,0.10975487805038624,0.09339614557712186,0.024116350323700082,0.012584536540158002,0.0580551554943051,5,16,-52.0,0.3125
CAR,2021,39.861458,27.504172,17.626666999999998,45.016299,16.925624,19.221143,5.804443,3.556107,8.759098999999999,184.27501199999998,0.2163150476419451,0.14925611292322155,0.0956541356784717,0.24428867762059894,0.09184980544187946,0.10430683352770588,0.03149880679427117,0.019297825361150975,0.04753275501075534,5,17,-100.0,0.29411764705882354
CAR,2022,37.741555,27.894199,29.129171,50.728701,10.586319,5.230957,7.860176,7.914209,29.360621,206.445908,0.18281570880058323,0.13511626009075461,0.141098321018792,0.24572393558897762,0.05127889965249396,0.02533814814096485,0.03807377959751084,0.03833550917366693,0.1422194379362559,7,17,-27.0,0.4117647058823529
CAR,2023,48.900303,19.503184,16.663467,46.788302,14.704769,9.955556,6.1235,13.406609,25.625169,201.670859,0.24247580063116606,0.09670799289846829,0.08262704429696509,0.2320032861068936,0.07291469413535845,0.049365367159962356,0.03036383159353727,0.06647767092616985,0.12706431225147902,2,17,-180.0,0.11764705882352941
CAR,2024,27.112435,45.864072,19.364126,76.726865,15.435436,22.255171,6.911833,7.706068,20.790927,242.166933,0.1119576263535534,0.18939031614196478,0.07996189141149175,0.3168346068123182,0.06373882597753344,0.09190012329222504,0.02854160522402949,0.0318213056776005,0.08585369910928344,5,17,-193.0,0.29411764705882354
CHI,2013,11.062734,27.865466,10.133223,13.789438,15.32125,11.1,0.0,5.1,9.322959,103.69506999999999,0.10668524549913513,0.2687250801798003,0.09772135743772582,0.13298065182848134,0.1477529259587751,0.10704462613314211,0.0,0.0491826660611734,0.0899074469017669,8,16,-33.0,0.5
CHI,2014,15.208473,21.813491,8.740323,15.567106,18.610000000000003,8.265844999999999,0.581327,5.1,13.273745,107.16031000000001,0.1419226297497646,0.20355942419352835,0.08156306192096681,0.14526932592860173,0.17366504445535852,0.07713532183697488,0.005424834997211188,0.047592247540157354,0.12386810937743646,5,16,-123.0,0.3125
CHI,2015,12.66902,6.373594,2.17299,15.330934,18.3125,9.756751,1.166327,6.505,7.215745,79.50286099999998,0.1593530074345375,0.0801681086671837,0.027332223930909862,0.1928349974726067,0.23033762269259725,0.12272201122422502,0.01467025192967584,0.08182095484588915,0.09076082180237516,6,16,-62.0,0.375
CHI,2016,20.040913,13.039474,13.40878,35.515466,21.375,2.513757,0.581327,6.109999999999999,23.250287,135.83500400000003,0.14753864916881068,0.09599494692840733,0.09871373066694943,0.2614603375724861,0.15736002775838248,0.01850595889112647,0.004279655338325016,0.04498104185280547,0.17116565182270688,3,16,-120.0,0.1875
CHI,2017,23.724532,18.602292,15.39858,41.132209,24.723109,4.654896,5.111327,11.337429,20.483362,165.167736,0.14363902160649583,0.11262666941199702,0.09322995139922485,0.2490329527795913,0.1496848573379973,0.028182840745604214,0.030946279968383176,0.06864191079061592,0.12401551596009042,5,16,-56.0,0.3125
CHI,2018,17.752109,25.869116,14.704316,33.906881,13.053109,4.590584,6.9775,17.795029,32.014698,166.663342,0.10651477875680665,0.1552177922845205,0.0882276559652812,0.20344534432772865,0.07832021633167538,0.027544053448778194,0.04186583513967937,0.10677230389391808,0.192092019851612,12,17,137.0,0.7058823529411765
CHI,2019,23.308504,26.34537,16.432716,43.356912,13.084509,2.483134,3.724166,13.271129,31.279052,173.285492,0.13450926405310376,0.1520344819172744,0.09483030466278157,0.2502050892985317,0.07550839282032913,0.014329728192132785,0.02149150489759408,0.07658534391326886,0.1805058902449837,8,16,-18.0,0.5
CHI,2020,32.630978,29.671503,17.684036,28.04109,15.543709,7.857512,4.285833,15.619447,33.513081,184.84718900000001,0.17652947916887174,0.16051909234064685,0.09566840640460049,0.15169876345806912,0.08408950703599825,0.042508149799345876,0.023185816474601623,0.0844992400722956,0.18130154524557038,8,17,-10.0,0.47058823529411764
CHI,2021,28.600678,28.706604,16.899103,25.083061,22.883588,10.258521,5.8775,14.053114,27.17911,179.541279,0.15929862012401058,0.15988860143967226,0.09412377529069513,0.13970637359668137,0.12745585932915182,0.057137395127947146,0.032736204357773344,0.07827232867155859,0.15138084206250976,6,17,-96.0,0.35294117647058826
CHI,2022,33.431521000000004,18.151795,11.759666,33.082123,7.353388000000001,4.888338,6.252286,5.15909,15.152919,135.23112600000002,0.24721764869428062,0.13422793654768503,0.0869597580663493,0.24463393878713988,0.05437644584871681,0.03614802408729481,0.04623407483865807,0.03815016670052721,0.11205200642934822,3,17,-137.0,0.17647058823529413
CHI,2023,29.459248,59.5408,28.861237,41.150847,6.8571550000000006,9.027332,6.657553,19.928333,28.821224,230.30372900000003,0.12791476771963164,0.25853163671526996,0.12531814888676854,0.17868076725757226,0.029774398485749223,0.03919750687145842,0.02890770822039099,0.08653065708718939,0.12514440875596938,7,17,-19.0,0.4117647058823529
CHI,2024,40.994952,48.793418,30.39707,33.924167,11.723182,12.323005,8.319475,21.4108,32.36532,240.251389,0.17063356915701328,0.20309317753829928,0.12652193240805779,0.14120279238010983,0.04879548063715877,0.05129212801346177,0.03462820770622059,0.08911831931177722,0.1347143928479015,5,17,-60.0,0.29411764705882354
CIN,2013,23.802977,43.362326,6.585333,23.936308,2.25105,4.878885,5.29,5.719925,9.513112,125.33991600000002,0.18990739550200428,0.3459578351719974,0.05253979107501556,0.1909711508024307,0.017959562060022444,0.03892522953342333,0.04220523013594488,0.04563530264373242,0.07589850307542889,11,17,108.0,0.6470588235294118
CIN,2014,26.548957,30.52842,13.735328,21.972922,18.100413,2.817286,5.29,5.600933,9.736389,134.330648,0.19763886644840722,0.22726325268675843,0.10225014324355824,0.16357340880243504,0.13474522210300066,0.020972771604585726,0.03938043982338267,0.04169512381120949,0.07248077147666258,10,17,5.0,0.5882352941176471
CIN,2015,25.972046,34.027742,17.94857,27.853255,16.712613,2.817286,5.54,4.494443,16.889013,152.254968,0.1705825848651454,0.22349183377714155,0.11788495466367968,0.18293823423876718,0.1097672753771818,0.018503737756524308,0.03638633321968187,0.02951918784022864,0.11092585826164962,12,17,138.0,0.7058823529411765
CIN,2016,29.935071,30.812653,19.01191,24.201179,17.153135,7.160618,6.785,6.956110000000001,21.862182,163.87785799999997,0.1826669652955801,0.18802206335891947,0.11601268305569386,0.14767815063826378,0.10467024166254359,0.04369484741495707,0.041402786702276775,0.04244691799669484,0.1334053438750707,6,16,10.0,0.375
CIN,2017,35.441614,30.852391,21.085837,18.575439,16.613135,10.340009,6.092499999999999,8.119181000000001,27.294074,174.41418,0.2032037418058555,0.176891529117644,0.12089519900274165,0.10650188533982731,0.09525105699548053,0.059284222188815155,0.03493121946850881,0.04655115197629001,0.15648999410483713,7,16,-59.0,0.4375
CIN,2018,23.361901,44.417778,24.459535,34.638116000000004,18.872335,9.148045,6.425,7.747981,26.653274,195.72396500000002,0.11936147420679934,0.22694092672810912,0.12496954575797602,0.17697432197431726,0.09642322032460357,0.04673952420696157,0.032826843662195376,0.03958626630111443,0.13617787683792323,6,16,-87.0,0.375
CIN,2019,29.282277,39.282311,4.188922,38.391335,16.827414,8.571664,7.116,12.169574,34.664032,190.493529,0.15371796172666843,0.20621336171476987,0.021989838825443777,0.20153616346726402,0.0883358825275372,0.04499714003408484,0.03735559962249426,0.06388444827435583,0.18196960380738184,2,16,-141.0,0.125
CIN,2020,36.524262,42.42324,6.569514,38.560782,10.425748,19.939123,6.737914,11.206574,22.249596,194.63675299999997,0.18765346953768802,0.21796109597039984,0.0337526900687662,0.19811665271666348,0.05356515580590271,0.10244274368880374,0.034617891514045145,0.05757686473530516,0.11431343596242588,4,16,-113.0,0.25
CIN,2021,44.86667,56.513221,8.367584,22.730417,10.713134,14.894422,6.294029,9.521141,22.999208,196.899826,0.2278654629181846,0.28701508857605595,0.042496655126551514,0.11544152913573423,0.05440905773070617,0.0756446681674569,0.03196564023372982,0.04835525349829411,0.11680664461328676,13,21,94.0,0.6190476190476191
CIN,2022,36.430537,55.363959,7.78225,31.651746,10.482201,17.912389,2.919629,9.383142,25.801941,197.727794,0.18424590829147675,0.2800008935516673,0.039358401985711736,0.16007737384659235,0.05301329058473186,0.09059115381624094,0.014765900842448079,0.04745484592823607,0.130492231152895,14,19,117.0,0.7368421052631579
CIN,2023,26.253289,64.410056,22.024148,23.146635,56.182,10.043261,3.026262,3.477333,26.202983,234.76596699999996,0.11182749073676426,0.2743585742988037,0.09381320589794007,0.09859450795097573,0.23931066635395246,0.04277988470109043,0.012890548143206807,0.014811912665348127,0.11161320925191855,9,17,-18.0,0.5294117647058824
CIN,2024,29.869382,66.595621,21.889166,33.339784,57.221567,11.21167,10.356666,10.49154,37.848343,278.823739,0.10712639500182587,0.23884487468263954,0.07850538866778485,0.11957297509736071,0.20522487505986714,0.04021060057587134,0.03714413283870353,0.03762785779154909,0.13574290028439795,9,17,38.0,0.5294117647058824
CLE,2016,32.38834,17.573787,9.509573,26.016783,17.156087,3.909695,3.345,5.762731999999999,24.376716,140.038713,0.23128133147010568,0.1254923486764692,0.06790674375877762,0.18578279136284265,0.1225096020412584,0.027918672745871353,0.023886252082308126,0.04115099229739421,0.1740712655649727,1,16,-188.0,0.0625
CLE,2017,17.929672,21.532502,27.604122,42.079699,2.579374,4.993233,4.483959,4.948868000000001,10.328214,136.479643,0.13137250073258178,0.1577707966308206,0.20225816387869652,0.3083221649400123,0.01889933138233663,0.03658591779874453,0.032854416244333225,0.036260851004717244,0.07567585738775708,0,16,-176.0,0.0
CLE,2018,34.714643,23.205184,25.798629,37.226633,27.241078,7.429907,5.468334,9.404684,22.896591,193.38568300000003,0.1795098916397032,0.11999432243388977,0.13340506184214265,0.19249942613383636,0.14086398526203203,0.03842015026520861,0.028276829572745563,0.04863174902146194,0.11839858382897972,7,16,-33.0,0.4375
CLE,2019,30.796201,46.658759,16.281826,32.405532,12.246745,5.519974,2.345114,7.390536,23.703684,177.348371,0.17364806243413425,0.2630909928121077,0.0918070231386563,0.1827224677468281,0.06905473634150269,0.031125033564587977,0.013223205754734563,0.041672421112906644,0.13365605709454192,6,16,-58.0,0.375
CLE,2020,34.771643,64.622311,8.518915,55.118501,15.077712,8.242574,2.56,15.387644,20.911002,225.21030199999998,0.15439632508463133,0.2869420733692724,0.03782648894987051,0.2447423608534569,0.06694947729344992,0.03659945360758852,0.011367153177566452,0.06832566655853958,0.09285100110562439,12,18,-5.0,0.6666666666666666
CLE,2021,33.041974,47.590324,6.470804,64.976979,15.978245,22.917686,3.0531,16.381277,23.827459,234.237848,0.1410616357780063,0.20317094101718353,0.027624929341051666,0.2773974383507826,0.06821376279037536,0.09783938076480278,0.013034187370095715,0.06993437286018782,0.10172335172751416,8,17,-22.0,0.47058823529411764
CLE,2022,42.948535,48.32288,22.801303,54.229346,51.955853,19.613323,5.111299,19.393508,31.196727,295.57277400000004,0.14530612687621897,0.16348894164386057,0.07714277161400528,0.18347206092804744,0.175780239488499,0.06635700147402615,0.017292861351296176,0.06561330983752921,0.10554668678651706,7,17,-20.0,0.4117647058823529
CLE,2023,53.259419,61.642397,10.577739,68.69245599999999,48.556367,16.061336999999998,6.334889,19.039167,31.955337,316.119108,0.1684789614172896,0.19499737738093328,0.03346124524683905,0.21729928454688666,0.15360149314352742,0.0508078651164611,0.020039563695086728,0.06022782716443702,0.10108638228853917,11,18,3.0,0.6111111111111112
CLE,2024,53.048635,53.652461,25.042333,66.765562,51.270567,7.475037,9.748889,16.113089,27.435914,310.55248700000004,0.17082019053352482,0.172764551069269,0.08063800500171166,0.21498962267206057,0.16509469138464827,0.024070124416681937,0.03139208155818118,0.05188523574760487,0.08834549761631758,3,17,-177.0,0.17647058823529413
DAL,2013,23.141155,28.3692,9.979705,13.497527,21.5,1.33058,0.0,9.003837,6.831743,113.65374700000001,0.2036110168897467,0.2496107761409749,0.08780797169846058,0.11876007044448784,0.1891710618216573,0.01170731309017027,0.0,0.07922164677949421,0.06011014313500812,8,16,7.0,0.5
DAL,2014,20.49031,10.49806,5.267170999999999,22.232457,18.615,1.33058,3.214286,9.003837,4.717351,95.369052,0.21485282248585214,0.11007826731883631,0.05522935259962529,0.2331202474362438,0.19518910600055037,0.013951905488166121,0.03370365891861859,0.09441046976119676,0.049464169990910675,13,18,114.0,0.7222222222222222
DAL,2015,20.465795,27.56161,14.321187,25.150442,18.615,3.81222,4.543286,9.58752,20.507232,144.564292,0.1415688114738597,0.19065295875415764,0.09906448405668532,0.173974095899145,0.12876623779266322,0.026370412411385793,0.03142744267719998,0.06632011174654388,0.14185544518835952,4,16,-99.0,0.25
DAL,2016,24.383078,37.132878,21.117425,42.485485,21.130848,10.614085,3.214286,11.786307,20.365251,192.22964299999995,0.12684348584052674,0.19316936462291617,0.10985519543414023,0.2210142220365046,0.10992502337425662,0.05521565162559243,0.016721073554717057,0.061313680949821064,0.10594230256152536,13,17,112.0,0.7647058823529411
DAL,2017,16.660601,26.023079,15.187771,36.814668,3.707515,12.054085,3.214286,11.57775,26.934134,152.17388899999997,0.10948396672703818,0.17100883187653831,0.09980536805496246,0.24192499936700707,0.024363673849460473,0.07921257108701482,0.021122454194490624,0.07608236916387148,0.17699576567961672,9,16,22.0,0.5625
DAL,2018,13.564202,37.679139,16.686543999999998,56.173052,2.477237,10.348285,1.095,2.005839,30.815163,170.84446100000002,0.07939503523031981,0.22054644780084498,0.09767096868302916,0.32879644836714955,0.01449995502049083,0.06057138135722175,0.006409338608876525,0.01174073182273085,0.18036969310933643,11,18,9.0,0.6111111111111112
DAL,2019,14.164761,47.55013,25.628613,58.407915,1.936107,18.273582,1.87,5.715489,16.228096,189.77469299999998,0.07463988362241746,0.25056096388995347,0.13504757981613494,0.3077750466970852,0.010202134802030744,0.09629093168918999,0.009853790146824267,0.030117234862290097,0.08551243447407396,8,16,113.0,0.5
DAL,2020,16.714228000000002,42.250249,24.624446,61.2571,36.295537,18.532864,3.261667,9.323756,28.19792,240.457767,0.06951003583094907,0.17570756614403726,0.10240653195452822,0.2547520122317363,0.15094350019477643,0.07707326002075034,0.01356440692556211,0.03877502530413168,0.11726766139352862,6,16,-78.0,0.375
DAL,2021,24.506313,34.758338,9.628425,45.236544,42.106349,19.235915,5.549167,9.096856,31.60897,221.72687700000003,0.11052477413462147,0.15676195177727595,0.04342470849846498,0.204019217751396,0.1899018719322872,0.08675499903423975,0.025027038106886786,0.041027304055700924,0.14255813470912682,12,18,166.0,0.6666666666666666
DAL,2022,26.106743,24.416919,10.348531,38.725212,42.94,18.734582,6.5052,16.662553,24.237972,208.67771199999999,0.12510556469969347,0.11700779525510611,0.049590974047099,0.18557426008197753,0.20577185550127175,0.0897775896641995,0.031173429771934633,0.07984826381458505,0.11615026716413299,13,19,135.0,0.6842105263157895
DAL,2023,63.711782,29.160568,10.613112,53.541183,51.026315,13.354332,4.978333,5.035523,31.770823,263.19197099999997,0.24207342556053887,0.1107958114725316,0.040324603975096185,0.20343015327013908,0.19387489217898674,0.05073989130162333,0.018915216072453823,0.01913250993511501,0.12071349623351543,12,18,178.0,0.6666666666666666
DAL,2024,45.44763,36.940021,12.698256,48.044715,72.151315,5.678566,5.190833,4.776223,57.079268,288.006827,0.15780053019368181,0.12826092139822784,0.04409012151645975,0.16681797268645995,0.2505194607765322,0.01971677567212669,0.01802329845465781,0.016583714524239387,0.19818720477761453,7,17,-118.0,0.4117647058823529
DEN,2013,21.260982,11.680541,4.320768,26.264566,20.60122,5.530457,0.481333,6.63325,10.302662,107.075779,0.1985601430926783,0.1090866777630448,0.040352431150652665,0.24528951594178922,0.19239850685559806,0.051649934762557276,0.0044952556450698344,0.06194911736294723,0.09621841742566263,15,19,189.0,0.7894736842105263
DEN,2014,21.255438,18.659541,3.353708,21.8918,20.07917,2.730457,0.481333,2.83325,14.966038,106.25073500000002,0.20004979730257863,0.17561799454846122,0.031564092238985444,0.20603904528283964,0.18897911623858413,0.025698241052167774,0.00453016160311738,0.0266656978890546,0.140855853844211,12,17,117.0,0.7058823529411765
DEN,2015,23.053959,7.775541,1.628168,14.773774,19.207366,2.499375,1.0125,7.628333,19.927163,97.506179,0.2364358775662822,0.07974408473128661,0.016698100742928303,0.15151628493205543,0.1969861417705641,0.025632990910247854,0.010383957307977374,0.07823435476842959,0.20436820727022847,15,19,82.0,0.7894736842105263
DEN,2016,29.045903,17.434914,10.162605,27.486478,4.202273,7.269425,2.090002,10.275297,28.072163,136.03906,0.21351149441932338,0.1281610884403347,0.07470358145667869,0.2020484263857748,0.03089019433095171,0.05343630719000851,0.01536324934912076,0.07553196118820579,0.20635369723960162,9,16,36.0,0.5625
DEN,2017,25.045996,19.512339,5.02555,27.911123,4.343344,10.215258,3.891002,5.043888,30.097423,131.085923,0.19106548916011368,0.14885152084560596,0.03833783128643035,0.21292235170057122,0.033133565379098714,0.07792795569666164,0.02968283634849182,0.03847772426334443,0.2296007253196821,5,16,-93.0,0.3125
DEN,2018,24.776743,17.517662,7.887898,37.641065,21.744348,3.27943,5.946,3.551139,21.105543,143.449828,0.1727206183893089,0.12211699549754777,0.054987155509172166,0.2623988158424282,0.15158155505073173,0.022861163695504744,0.04145003227191043,0.024755268441311762,0.1471283953020843,6,16,-20.0,0.375
DEN,2019,29.135696,26.550949,7.799496,34.062711,26.479371,8.290685999999999,3.8752,10.484536,6.584252,153.26289699999998,0.1901027356934275,0.17323794290538566,0.05088965530907328,0.22225020971644563,0.17277091532466599,0.05409454057233435,0.025284658425841974,0.06840883348303146,0.042960508569794296,7,16,-34.0,0.4375
DEN,2020,52.025043,35.121035,9.33699,61.690046,4.395505,10.907805,7.392799999999999,13.206896,11.424372,205.500492,0.2531626201654057,0.17090487063164791,0.04543536567299313,0.30019415233322166,0.021389267525451956,0.05307921598552669,0.035974609734754304,0.06426697995448108,0.05559291799651749,5,16,-123.0,0.3125
DEN,2021,49.125258,18.689484,6.461665,42.255393000000005,14.762705,14.305606,7.25,6.717625,27.583984,187.15172,0.2624889474699992,0.09986274237821592,0.03452634579046348,0.2257814836005782,0.07888094750077637,0.07643854942930793,0.03873862340137723,0.035894006210576104,0.14738835421870555,7,17,13.0,0.4117647058823529
DEN,2022,46.48049,34.019855,12.700694,41.926657,50.818333,14.576939,6.702833,6.198296,30.034404,243.458501,0.19091750671708935,0.13973574494324187,0.052167798404377755,0.1722127460236026,0.20873509362484738,0.05987443009845854,0.02753172706012841,0.02545935333759407,0.12336559979066,5,17,-72.0,0.29411764705882354
DEN,2023,40.033863,33.833099000000004,15.97521,57.316699,54.216,8.722739,4.803333,7.178119000000001,33.381032000000005,255.46009400000003,0.15671278583339124,0.13243985966747512,0.06253505097355831,0.22436654626769217,0.21222884228641986,0.03414521173706293,0.018802674518705844,0.028098787906967574,0.13067024080872686,8,17,-56.0,0.47058823529411764
DEN,2024,23.009443,40.271468,16.672683,77.108297,18.440987,4.6701060000000005,6.157,8.5549,16.772459,211.65734300000003,0.10871081850441634,0.19026728498618634,0.07877205091816727,0.3643072142316366,0.08712661105265787,0.022064464827001064,0.029089470333188483,0.040418630786648396,0.07924345436009748,10,18,90.0,0.5555555555555556
DET,2013,17.144179,27.394763,9.467793,8.43649,2.75,6.051295,1.485075,5.15,21.431768,99.31136300000001,0.1726305881029948,0.27584721599279627,0.09533443821529264,0.08494989641819736,0.027690688325363127,0.06093255411266482,0.01495372689628678,0.05185710722749822,0.21580378470890585,7,16,19.0,0.4375
DET,2014,10.329725,26.482129,10.743319,5.896733,0.0,7.66275,2.6999310000000003,7.062287,23.791768,94.668642,0.10911453657484597,0.27973496229089245,0.11348339611758664,0.06228813338211823,0.0,0.08094285328398393,0.028519802787495357,0.07460006661973666,0.2513162489433407,11,17,35.0,0.6470588235294118
DET,2015,13.581285,27.200022,15.928319,7.442772,0.0,5.844538,4.485075,7.062287,24.503693,106.047991,0.1280673483008273,0.25648785746445685,0.15019915841687184,0.07018305514151607,0.0,0.05511219915519192,0.04229288039978051,0.0665951983946589,0.23106230272669662,7,16,-42.0,0.4375
DET,2016,28.435006,17.700187,16.985482,16.29047,1.56,7.513028999999999,7.915158,10.97562,22.630000000000003,130.004952,0.21872248374046552,0.13615009834394615,0.13065257698799043,0.12530653447724052,0.011999542909719316,0.05779032940222153,0.060883511575774436,0.08442463022485482,0.17407029233778726,9,17,-32.0,0.5294117647058824
DET,2017,29.943738,29.160484,12.493028,24.469849,1.05,8.126307,10.470069,6.077103,19.682381,141.47295899999997,0.2116569711389157,0.20612054915738354,0.08830682618294569,0.17296484906348786,0.007421913045587745,0.057440708510239066,0.07400756352314651,0.04295593336674326,0.1391246860115508,9,16,34.0,0.5625
DET,2018,47.164671,42.621934,18.521338,22.105993,1.735,10.391976,8.877068999999999,6.054811,14.382681,171.85547300000002,0.274443811283217,0.2480103383149165,0.10777275623919175,0.1286313005579985,0.01009569244268409,0.060469275831558755,0.051654269980683114,0.03523199403722219,0.08369056131252799,6,16,-36.0,0.375
DET,2019,31.522373,46.991059,17.429453,17.072847,4.437667,6.8246150000000005,6.892,12.817752,18.572081,162.559847,0.1939124179908954,0.2890692865871115,0.10721868482073559,0.10502499427180194,0.02729866619522594,0.041982169188434344,0.04239669344669106,0.07884943444859419,0.11424765305051007,3,16,-82.0,0.1875
DET,2020,43.37387,44.038011,21.659478,35.886119,5.1125,7.235106,6.216666999999999,12.402640000000002,18.103204,194.02759500000002,0.22354485195778462,0.22696777229032805,0.11163091517987428,0.18495368661349432,0.0263493447929404,0.03728905674473777,0.032040117798707954,0.06392204160444291,0.09330221301768957,5,16,-142.0,0.3125
DET,2021,20.209954,18.255768,7.608921,52.256328,36.8281,9.659078,3.197114,9.404207,14.872105,172.291575,0.11730088369091757,0.1059585647179788,0.04416304743862258,0.3033017023612443,0.21375450308582994,0.05606239306826233,0.018556415193255967,0.05458309264396707,0.08631939779992144,3,17,-142.0,0.17647058823529413
DET,2022,31.199577,27.607306,11.166784,53.509518,36.325,9.450663,6.227764,3.189917,27.235252,205.91178100000002,0.15151914498762942,0.1340734651797315,0.05423091357749948,0.2598662288293257,0.17641049882425133,0.045896659987608966,0.030244816346860694,0.01549166824990941,0.13226660401718343,9,17,26.0,0.5294117647058824
DET,2023,29.26582,26.43369,14.647789,49.632991,41.663924,14.639085,4.72105,8.681939,23.051355,212.737643,0.1375676612154625,0.12425487857830596,0.06885377121528041,0.23330610558658862,0.19584650564169315,0.06881285697049863,0.02219188824988533,0.040810544281530844,0.10835578826075459,14,20,72.0,0.7
DET,2024,44.304047,69.798802,21.425356,86.191766,57.834757,16.763462,6.5940840000000005,8.673722,47.092871,358.678867,0.12352009297497862,0.19459970581428201,0.059734090773739396,0.24030344112802163,0.16124383765269337,0.04673668716590431,0.018384367206111422,0.024182417192702907,0.13129536009156625,15,18,208.0,0.8333333333333334
GB,2013,14.782463,15.704112,7.848057,15.495661,22.6,4.462045,1.36625,7.524794,9.012162,98.795544,0.14962681920148138,0.15895567111812248,0.07943735802497326,0.15684574802280554,0.2287552564111596,0.0451644357563333,0.013829065003174636,0.07616531773943164,0.09122032872251809,8,17,-14.0,0.47058823529411764
GB,2014,22.490105,4.616603,7.945658,18.446911,28.35,3.5031030000000003,1.36625,0.690254,12.223154,99.63203799999998,0.2257316567186953,0.04633653082555634,0.07975002980466987,0.18515039308941972,0.28454702492385037,0.03516040693657196,0.013712958476268449,0.006928032527047175,0.12268296669792102,13,18,137.0,0.7222222222222222
GB,2015,24.506534,18.766457,1.248893,21.19641,23.975908,4.491369000000001,1.36625,0.690254,12.533399,108.775474,0.2252946652294064,0.17252470901666675,0.011481384121571375,0.19486387161135238,0.22041648837126648,0.041290272842203386,0.012560276225502818,0.006345676783720566,0.11522265579830981,11,18,56.0,0.6111111111111112
GB,2016,26.349223,19.223676,2.437516,29.03386,23.660908,6.469101,6.81625,4.460254,23.387993,141.838781,0.18576882016491664,0.1355318754466735,0.017185116671300214,0.20469620364264127,0.16681550583827987,0.045608831057283264,0.04805632107061044,0.031445941431208435,0.1648913846770863,12,19,49.0,0.631578947368421
GB,2017,18.412129,15.914079,9.359286,39.77041,22.748308,4.576944,7.1166670000000005,4.387654,37.035319,159.32079600000003,0.1155663884581646,0.09988701663278154,0.05874491111631151,0.24962472570121977,0.14278304258535085,0.028727850443328186,0.0446687888754962,0.02753974440348641,0.23245753178386075,7,16,-64.0,0.4375
GB,2018,19.046115,21.855978,6.708049,39.828558,35.309103,6.322784,6.438725,16.453267,29.602274,181.56485300000003,0.1048997902694306,0.12037559934576103,0.036945746322389825,0.21936270892693088,0.1944710246316229,0.034823832341604126,0.035462397559950655,0.09061922904208777,0.16303967156022206,6,16,-24.0,0.375
GB,2019,24.704522,11.992147,4.03673,50.217146,34.208,5.819499,5.328725,14.716382,21.157191,172.18034200000002,0.14348050255353773,0.06964875816078933,0.023444778614738725,0.2916543515751641,0.19867540976309592,0.0337988584085865,0.030948509789810962,0.08547074438962374,0.12287808674465286,14,18,51.0,0.7777777777777778
GB,2020,22.964262,29.921100000000003,11.593147,46.067312,37.167868,6.070543000000001,5.746525,6.63577,27.065997000000003,193.23252399999998,0.11884263334468478,0.15484505082591585,0.059995836932710156,0.23840351016684957,0.1923478885987123,0.031415741379023754,0.02973891186144213,0.03434085454475563,0.14006957234590595,14,18,149.0,0.7777777777777778
GB,2021,30.090702,30.256714,5.880241,42.224207,37.255868,14.542424,6.762669,10.021421,30.597798,207.632044,0.14492320848124965,0.14572275751424957,0.028320488912588076,0.20336074425968662,0.17943216895750444,0.07003940104736435,0.032570449482258144,0.04826529088159436,0.14736549046350475,13,18,76.0,0.7222222222222222
GB,2022,51.509035,35.932698,18.656086,50.126975,54.072535,16.169224,8.918666,13.266187,15.374689,264.026095,0.19509069737974194,0.13609525225148675,0.07066000805715814,0.1898561390305,0.20479996494285915,0.06124100725725614,0.033779486834435817,0.05024574180821029,0.05823170243835179,8,17,-1.0,0.47058823529411764
GB,2023,40.003784,27.916414,16.716387,48.129975,15.411045,12.9718,2.647527,7.516007,10.975486,182.288425,0.2194532318769006,0.15314419442704605,0.09170295371195401,0.2640319866716716,0.08454209311425012,0.07116085401472969,0.014523834960996565,0.04123140018352784,0.06020945103892362,10,19,46.0,0.5263157894736842
GB,2024,59.752863,62.916077,12.228398,30.397284000000003,57.227525,16.423797,6.253333,6.155086,10.782917,262.13728000000003,0.22794492641412922,0.24001193954556937,0.046648832245455504,0.11595940874949187,0.21831127949446943,0.06265341961280745,0.023855183818188692,0.023480391648223402,0.04113461847166491,11,18,110.0,0.6111111111111112
HOU,2016,26.089842,34.923555,13.956281,34.639923,20.630146,10.611045,3.3175,1.900116,8.18818,154.25658799999997,0.1691327569101944,0.22639911496032836,0.0904744567538341,0.22456041229175905,0.13373915673539988,0.06878827761962428,0.021506374820114655,0.012317892056577838,0.05308155785216772,10,18,-54.0,0.5555555555555556
HOU,2017,34.370664,22.047862,16.011283,22.830585,6.821167,12.803038,3.5175,8.743867,23.324404,150.47037,0.22842147593576062,0.14652626959048481,0.1064082117961164,0.15172811098955893,0.04533229366020699,0.08508677156838254,0.023376695358694206,0.058110224624289816,0.15500994647650565,4,16,-98.0,0.25
HOU,2018,46.895003,29.840629,15.97987,22.003715,5.858620999999999,11.385363,4.088167,2.174681,36.560022,174.78607100000002,0.26829942873422674,0.17072658495767662,0.0914253058528903,0.12588940797233206,0.033518809402151954,0.06513884621847241,0.02338954687070001,0.012441958261079052,0.20917011173047073,11,17,72.0,0.6470588235294118
HOU,2019,34.774703,28.178108,17.673204000000002,47.592823,4.823621,17.338389,5.570667,4.815595,31.048335,191.81544500000004,0.18129250749333556,0.14690218506648406,0.09213650131249858,0.24811778321604913,0.02514719813099513,0.09039099536536276,0.02904180630501365,0.02510535582783753,0.16186566728242346,11,18,-24.0,0.6111111111111112
HOU,2020,27.730602,28.861886,30.968202,50.369216,39.204,21.498389,7.8575,5.797126,32.21443,244.501351,0.11341696839949159,0.11804387125860911,0.12665861302336937,0.2060079250850438,0.1603426722987719,0.08792748552133767,0.03213683674083257,0.023709995778305536,0.1317556318942385,4,16,-80.0,0.25
HOU,2021,23.285096,19.748973,16.240172,43.516394,46.057525,10.012005,7.079167,5.176425,22.874279,193.990036,0.12003243300599212,0.10180405863732093,0.08371652655397209,0.22432283068394296,0.23742211687614717,0.05161092397549738,0.036492425827479094,0.02668397360367519,0.11791471083597305,4,17,-172.0,0.23529411764705882
HOU,2022,24.323442,32.977869,17.54387,44.853855,4.993025,9.696608,7.079167,7.704083,28.920041,178.09196000000003,0.13657799038204754,0.1851732610500777,0.09851017418192262,0.2518578323243789,0.028036217917979,0.05444719683022186,0.03975006507873797,0.043259016296973755,0.1623882459376605,3,17,-131.0,0.17647058823529413
HOU,2023,42.864288,52.777288,10.849943,65.252038,14.580336,7.013608,8.567667,11.178083,21.289758,234.37300900000002,0.18288918243141214,0.22518500839830063,0.04629348339338852,0.27841106055006526,0.06220996206948045,0.02992498167739101,0.036555689738147275,0.047693559286939906,0.09083707245487468,11,19,31.0,0.5789473684210527
HOU,2024,33.868258,53.982631,26.596491,57.155845,17.206144,15.543441,9.6775,16.813134,80.41981200000001,311.263256,0.10880904619207606,0.17343078554700975,0.08544693434678971,0.18362541642242539,0.055278429651844284,0.049936639485644904,0.031091045324026297,0.05401580069573005,0.2583659023344535,11,19,11.0,0.5789473684210527
IND,2013,19.178,5.291271,1.236667,19.071691,9.152,6.12014,6.043666999999999,3.153629,9.538603,78.78566799999999,0.24341990728567542,0.06716032413407982,0.01569659852347765,0.24207056288460999,0.11616325954106273,0.07768087972548511,0.07671023364300218,0.04002795279974018,0.12107028146286711,12,18,35.0,0.6666666666666666
IND,2014,19.42,11.781371,7.260917,15.406141,9.152,6.694449,5.4,2.602155,11.196063,88.913096,0.21841551890173752,0.1325043388434028,0.08166307694425577,0.17327189911371438,0.10293196853700831,0.07529204696684952,0.06073346045671383,0.029266273665692625,0.12592141657062533,13,19,78.0,0.6842105263157895
IND,2015,18.827194,7.758465999999999,13.023668,19.687685,9.9395,7.110182,6.4,2.602155,23.320983,108.66983299999998,0.17325133829919478,0.07139484607471515,0.11984621343809373,0.18116973640697506,0.09146512629682611,0.06542921622047584,0.058893989466239464,0.023945513931175368,0.2146040198663046,8,16,-75.0,0.5
IND,2016,29.016259,15.306985,14.949144,25.068521,27.089,7.968333,6.9,11.101,19.530983,156.930225,0.1848991104167473,0.09754006916131037,0.09525981371657372,0.1597431023883385,0.17261811738305988,0.0507762797128469,0.04396858540156939,0.07073844442649592,0.12445647739305796,8,16,19.0,0.5
IND,2017,26.980538,17.785337,7.325794999999999,21.450701,28.595041,9.549487,4.054,9.468133,19.97173,145.180762,0.18584100006308,0.12250477787132706,0.050459819187338335,0.1477516766305442,0.19696164013796816,0.06577653174185709,0.027923809905337188,0.06521616824135419,0.13756457622119383,4,16,-141.0,0.25
IND,2018,15.600825,27.523491,5.056694,33.235282999999995,26.226708,5.428897,4.814,17.7642,25.014809,160.66490699999997,0.0971016340239129,0.17130991150419678,0.03147354387725754,0.2068608734824712,0.16323855961899636,0.033790185432342114,0.029962983764712233,0.11056677112444974,0.1556955371716613,11,18,85.0,0.6111111111111112
IND,2019,30.699049,38.522429,3.021038,31.571327,57.275000000000006,4.460893,9.157833,16.871,31.881284,223.459853,0.13738060142731767,0.17239082762665203,0.013519377013104898,0.14128411245307673,0.25631002272251563,0.019962838693892815,0.0409820058370843,0.07549902039897967,0.14267119382737622,7,16,-12.0,0.4375
IND,2020,30.190814,55.141057,4.824941,49.646639,54.124616,6.246019,9.008398,11.8006,16.406993,237.390077,0.1271780791410249,0.23228037876241983,0.02032494812325285,0.2091352748497571,0.22799864545307008,0.026311205080404437,0.03794766029752794,0.0497097441861481,0.06911406410639481,11,17,86.0,0.6470588235294118
IND,2021,28.759307,49.327834,5.607141,56.587892,34.058276,4.699789,5.384833,14.101791,17.809728,216.336591,0.13293778397386322,0.22801428908528934,0.025918597376807146,0.26157337387275365,0.157431878918717,0.02172442941009457,0.024890994977359148,0.06518449299221878,0.08232415939289715,9,17,86.0,0.5294117647058824
IND,2022,35.524621,59.015053,29.974972,65.62109099999999,34.857676,7.459175,6.1125,12.416126,10.316062,261.297276,0.1359548080401726,0.225854068987692,0.11471597583742128,0.25113576384929476,0.13340237040970912,0.028546700195986735,0.02339289599023604,0.04751724239176531,0.03948017429772211,4,17,-138.0,0.23529411764705882
IND,2023,21.616041,54.998638,9.611395,59.927202,13.117184,18.794265,10.14125,13.595408,15.857583,217.65896600000002,0.09931151193652182,0.2526826209401362,0.044158047686397625,0.27532613565755887,0.06026484569443374,0.08634730443403833,0.046592383426097866,0.06246197089808834,0.07285517932672711,9,17,-19.0,0.5294117647058824
IND,2024,14.432849,72.170927,18.602395,62.643473,14.851183999999998,16.7885,9.74125,12.015308,15.103538,236.349424,0.06106572529662691,0.30535689818309014,0.07870717298638308,0.26504601508992887,0.06283571057063375,0.07103254036278082,0.04121545902307763,0.05083705217745739,0.06390342631002138,8,17,-50.0,0.47058823529411764
JAX,2013,8.700678,20.175117,10.978963,15.930969,6.975412,9.93375,1.170125,6.8,7.173279999999999,87.838294,0.09905335820843697,0.22968475457868068,0.12499062197177918,0.1813670128884789,0.07941197036454282,0.11309133576751842,0.013321353896058137,0.07741498258151507,0.08166460974298975,4,16,-202.0,0.25
JAX,2014,5.704193,20.41243,10.898259,12.576313,9.163701,4.715682,1.170125,6.8,5.01629,76.456993,0.07460655691756019,0.2669792415194775,0.14254103610901883,0.1644887211297991,0.11985432123913113,0.06167757604592167,0.015304355482565214,0.08893888882080414,0.06560930273572228,3,16,-163.0,0.1875
JAX,2015,13.107946,22.88263,10.91913,21.819462,9.163701,6.169097000000001,2.1567920000000003,11.85,3.883845,101.952603,0.12856901750708613,0.2244438035584045,0.10710006099599045,0.21401574219738168,0.08988197191983416,0.060509460459778557,0.021154849768769517,0.11623048015752967,0.03809461343522539,5,16,-72.0,0.3125
JAX,2016,29.731367,50.188699,13.261373,26.834456,10.319769,13.547411,4.1775,14.79,18.537681,181.388256,0.1639100990088355,0.27669210844609476,0.07311042783276994,0.1479393241423524,0.05689325884471815,0.0746873656473107,0.02303070822843128,0.0815378036381804,0.10219890421130681,3,16,-82.0,0.1875
JAX,2017,43.005806,64.986113,21.976258,25.310681,9.438701,18.748472,5.7049,7.665713,23.79442,220.631064,0.1949218084720835,0.2945465240561048,0.09960636368050149,0.11471948029947404,0.04278047174716974,0.08497657428692815,0.02585719298348668,0.034744486388371854,0.10784709808587968,12,19,155.0,0.631578947368421
JAX,2018,47.554792,57.375819,17.797594,44.755579,19.249971,19.146871,3.995406,11.47498,28.343785,249.694797,0.1904516736886592,0.22978379881900382,0.07127739229584347,0.17924113572939207,0.07709400128189295,0.07668109720363937,0.016001158406196186,0.045956023665162715,0.11351371891021021,5,16,-71.0,0.3125
JAX,2019,32.263009,44.243828,25.914379,40.641687000000005,24.041885,12.773745,5.347906,9.858059,22.539019,217.623517,0.14825148239838434,0.2033044434255697,0.11907894586594701,0.18675227549052065,0.11047466437186566,0.05869652864768287,0.02457411806280109,0.04529868433290691,0.1035688574043218,6,16,-97.0,0.375
JAX,2020,23.630628,41.584771,32.984196,40.745105,1.751093,3.647286,10.101706,9.557781,18.019859,182.02242500000003,0.1298226193832985,0.22845960326042242,0.18120951855245304,0.22384662219503995,0.009620204763231782,0.02003756405289073,0.05549704109260163,0.05250881038421502,0.09899801631584679,1,16,-186.0,0.0625
JAX,2021,37.134378,26.39483,19.958083,47.318699,12.358372,8.229061,5.1788,10.810105,20.384258,187.766586,0.1977688298598559,0.1405725617229894,0.10629198424047609,0.25200809157812565,0.06581773819970291,0.043826013857438936,0.02758105214737195,0.057572037870465415,0.10856169052357377,3,17,-204.0,0.17647058823529413
JAX,2022,45.488472,34.509336,22.203698,59.824884,11.698372,7.901596,7.786367,18.847171,45.274182,253.53407800000002,0.17941758503959376,0.13611320526308102,0.08757677932352746,0.23596387701380322,0.046141221299647144,0.031165814324968177,0.030711323153962758,0.07433782136380103,0.17857237321761535,10,19,48.0,0.5263157894736842
JAX,2023,37.365463,39.317471,23.847902,49.75575,12.698572,6.237258,6.2675,18.224091,39.960416,233.67442300000005,0.15990394892298498,0.1682574861862395,0.10205610735583157,0.21292766816845843,0.054343012114766186,0.02669208687850274,0.026821506263011073,0.07798924146696191,0.1710089426432434,9,17,6.0,0.5294117647058824
JAX,2024,36.951446,63.343774,8.972885999999999,50.398419,60.491485,8.811647,6.059497,19.389924,35.473395,289.892473,0.1274660415208504,0.21850782583099357,0.030952462846456863,0.17385211309022156,0.20866869834181587,0.03039626006433082,0.020902567553038882,0.06688660729732021,0.12236742345497185,4,17,-115.0,0.23529411764705882
KC,2013,30.665235,10.613184,6.796727,20.605278,11.333333,7.205147,6.5,4.781576,17.182532,115.68301199999998,0.26507984595006917,0.09174366932977163,0.058753025898046304,0.17811844318161427,0.09796886166829752,0.062283535632699484,0.0561880252564655,0.04133343277749374,0.14853116030554253,11,17,124.0,0.6470588235294118
KC,2014,17.073235,15.241517,9.128977,10.037045,20.940189,10.343422,3.75,4.781576,17.252115,108.54807600000001,0.15728731110812133,0.1404125946921436,0.08410077208554116,0.09246635564503235,0.19291165510847008,0.0952888561562344,0.034546904359686666,0.04405030633615284,0.15893524450861754,9,16,72.0,0.5625
KC,2015,25.932379,10.484017,6.820094,16.496262,3.940189,10.340254,3.75,1.399889,13.910532,93.073616,0.2786222359728669,0.11264220141613494,0.07327634074086044,0.17723886434153371,0.042334113246443546,0.11109758537800873,0.04029068774979152,0.015040664155564773,0.14945730699879545,12,18,141.0,0.6666666666666666
KC,2016,26.348451,22.738201,13.068861,33.339504,5.2125,13.625,3.75,12.060046,16.938254999999998,147.080818,0.1791426737917653,0.15459664495474862,0.08885496543811716,0.22667472518408213,0.0354396995534795,0.09263614511580974,0.025496186729121944,0.08199604927408005,0.11516290995879556,12,17,76.0,0.7058823529411765
KC,2017,38.247181,21.3322,7.491643,34.955546,22.068991,6.096231,5.260781,11.641733,8.764467,155.85877299999999,0.24539639485035597,0.13686877927622337,0.04806686756092966,0.22427705112242866,0.14159607813671163,0.03911381363178062,0.03375351222609715,0.07469411426715133,0.05623338892832167,10,17,75.0,0.5882352941176471
KC,2018,30.041243,18.433812,13.185528,41.162767,8.819824,10.683098,4.010781,12.790933,21.742745,160.87073099999998,0.18674150862160255,0.11458773069166946,0.08196349900343278,0.2558748054672544,0.05482553566565196,0.06640796578465227,0.024931701217917636,0.07951062894094764,0.13515662460687147,13,18,156.0,0.7222222222222222
KC,2019,32.518227,34.029943,19.125372,45.703241,9.074824,9.976335,7.444999999999999,12.4594,38.942598,209.27494,0.1553851932773222,0.16260878153877384,0.09138873483848568,0.2183885036593488,0.04336316617746969,0.04767094903957445,0.03557521029512659,0.05953603427147083,0.18608342690242796,15,19,185.0,0.7894736842105263
KC,2020,31.240507,26.844266,14.115885,38.853702,47.737633,8.607229,2.503167,16.135829,34.450863,220.48908099999997,0.1416873201081554,0.12174873185670362,0.06402078931065072,0.1762159913941498,0.2165079231293091,0.039036985237377815,0.011352793474612016,0.07318198673067172,0.15624747875836992,16,19,108.0,0.8421052631578947
KC,2021,31.297251,30.098531,14.570495,27.924045,46.7906,8.172994,6.974167,18.345445,28.040834,212.214362,0.1474794198895926,0.14183079182925423,0.06865932570576914,0.13158414320704648,0.2204874333623094,0.038512916482061656,0.03286378421456697,0.08644770705952504,0.13213447824987454,14,20,140.0,0.7
KC,2022,27.78838,43.5452,6.465403,25.550913,49.604154,9.868671,6.401167,18.861111,28.335,216.419999,0.12840024086683413,0.20120691341468863,0.02987433245483011,0.11806170001876769,0.2292031893041456,0.04559962593845129,0.029577520698537665,0.08715049943235607,0.13092597787138888,17,20,140.0,0.85
KC,2023,29.823517,43.444727,8.247036,51.311636,47.2835,6.571671,8.056999999999999,18.960445,31.679974,245.379506,0.12154037428048291,0.17705116335184082,0.03360931046947335,0.2091113346686744,0.19269539160291568,0.026781662034970437,0.032834852964452536,0.07726988006895735,0.12910603055823253,15,21,109.0,0.7142857142857143
KC,2024,25.753799,55.637557,13.589802,70.842616,47.725,4.81311,9.5925,28.677888,36.089831,292.722103,0.08798037024214737,0.19006954524373584,0.046425609343207,0.2420132107345512,0.16303859363841752,0.01644259162759568,0.03276998867420681,0.09796967057181875,0.12329041992431981,17,20,53.0,0.85
LA,2016,21.486416,38.987848,13.049121,19.867217,8.382142,6.58603,4.193123,7.905111,22.811878,143.26888599999998,0.14997266049796745,0.2721306006385783,0.09108133220216427,0.13867084162293272,0.05850636683250263,0.04596971599262663,0.02926750613528188,0.05517674647096789,0.15922422960697832,4,16,-170.0,0.25
LA,2017,29.635498,19.750453,22.507735,22.399992,9.49321,7.164028,7.045369,6.333423,25.641915,149.971623,0.19760737002892872,0.13169460065121788,0.15007995879327118,0.14936153621542125,0.06330004176856845,0.047769223648396475,0.04697801396734901,0.04223080922448909,0.17097844570235798,11,17,136.0,0.6470588235294118
LA,2018,37.135928,56.381397,11.70173,33.753478,8.055541999999999,19.027073,7.374119,3.942994,28.953246,206.32550700000002,0.17998709194980916,0.2732643085180932,0.056714897591406375,0.16359333603867018,0.039042879947945544,0.09221871438319064,0.035740219942849816,0.019110550398405174,0.14032800122962982,15,19,144.0,0.7894736842105263
LA,2019,24.392969,37.664428,7.352137,26.728521,34.636,17.738001,7.67,10.594779,27.645379,194.42221399999997,0.1254638988937756,0.19372492075416858,0.03781531363489154,0.13747668257702284,0.17814836734654205,0.09123443579343256,0.039450224550986755,0.05449366500887601,0.14219249144030427,9,16,30.0,0.5625
LA,2020,33.146187,43.66301,5.405303,29.125144,35.803333,5.853804,6.319067,10.640945,36.736258,206.69305099999997,0.16036430271668883,0.21124566011655616,0.026151353293439945,0.14091012667861777,0.17321981956713198,0.028321242401129397,0.030572227607206792,0.051481871057193894,0.17773339656203538,11,18,72.0,0.6111111111111112
LA,2021,40.209999,34.014153,3.282839,26.910202,1.3725,9.448201,4.789233,11.649369,37.762082,169.43857799999998,0.23731312830068726,0.20074621376957025,0.019374802590706352,0.15881980548727223,0.008100280444988155,0.05576180531921131,0.028265304492817455,0.06875275475930871,0.2228659048354384,16,21,120.0,0.7619047619047619
LA,2022,36.242938,45.824253,14.731939,49.008746,17.2025,5.524106,4.9667,10.978422,51.57826,236.057864,0.15353412670039243,0.19412296723993064,0.062408168702229726,0.20761327400641058,0.07287408141590233,0.02340149108525357,0.021040180216152428,0.04650733432036817,0.2184983763133602,5,17,-77.0,0.29411764705882354
LA,2023,15.227374,38.709914000000005,3.518139,26.644133,3.5641160000000003,5.4329350000000005,4.933033,13.833119,33.382753,145.24551599999998,0.10483885781368976,0.2665136595335584,0.024222014537095937,0.18344203479575924,0.024538561314347226,0.03740518227082481,0.0339634099272297,0.09523955975343157,0.22983672005406353,10,18,26.0,0.5555555555555556
LA,2024,25.887756,43.479045,5.129733,59.048365,5.191033,4.668276,3.151597,19.460919,38.633351,204.650075,0.1264976619236519,0.21245555370551417,0.025065874029120194,0.2885333171756717,0.025365409712163556,0.0228110153392321,0.015399930833155084,0.09509363238689261,0.18877760489459874,11,19,-7.0,0.5789473684210527
LAC,2013,16.505041000000002,6.485873000000001,3.076207,17.130563,17.37985,8.05725,3.625,7.872725,9.709967,89.842476,0.18371088748711692,0.07219161012436924,0.034240006920557266,0.19067331804167995,0.19344803008323147,0.08968196735806791,0.04034839823426059,0.08762809475553635,0.10807768699518032,10,18,58.0,0.5555555555555556
LAC,2014,18.902802,7.604348,9.214582,14.862323,15.3,9.80725,3.625,8.722725,8.52595,96.56497999999999,0.19575214534295976,0.07874850696391177,0.09542364115852352,0.15391007174650687,0.15844253268628028,0.10156114566585113,0.03753948895344876,0.09033010725006106,0.08829236023245694,9,16,0.0,0.5625
LAC,2015,28.759075,15.811779,11.988535,20.367723,20.9247,8.667441,4.151667,8.427725,9.77305,128.871695,0.22316052411664175,0.12269396317011273,0.09302690555905237,0.15804652061106206,0.16236847043875696,0.06725635912525245,0.0322155070591723,0.06539624546724555,0.07583550445270391,4,16,-78.0,0.25
LAC,2016,29.062208,29.429952,9.160645,25.797502,20.8125,8.696528,1.150123,7.545077,29.891167,161.545702,0.1799008431682076,0.18217725161143564,0.05670621308142262,0.15969166422019695,0.12883351115091876,0.053833236615604914,0.007119489938519069,0.04670552609316712,0.1850322641205273,5,16,-13.0,0.3125
LAC,2017,22.383153,28.06404,4.939257,23.813977,22.573348,5.427995,5.036289,10.876477,25.194414,148.30894999999998,0.1509224696149491,0.18922688077826727,0.033303836349728055,0.16057005999975055,0.15220489390559372,0.03659924097635376,0.03395809221223669,0.07333661926674015,0.16987790689638085,9,16,83.0,0.5625
LAC,2018,31.727125,40.121,6.637667,29.485349,22.0709,5.825261,6.0725,9.915611,28.554902,180.41031500000003,0.1758609256904185,0.22238750594720705,0.03679205925670048,0.16343493995894856,0.12233723997433295,0.03228895753549346,0.033659383611186526,0.054961441644841645,0.15827754638087072,13,18,92.0,0.7222222222222222
LAC,2019,24.360385,38.339034,16.280408,33.043209,27.012155,5.841462,2.846667,7.630744,26.411502,181.76556599999998,0.13402090140659537,0.21092572616311717,0.08956816386223562,0.1817902572371711,0.1486098582610526,0.03213734112873722,0.015661200647871888,0.041981240825338724,0.14530531046788037,5,16,-8.0,0.3125
LAC,2020,25.741871,66.35215,16.022348,39.246843,12.844344,9.145303,2.1967,16.457,32.631897,220.638456,0.11666991995266682,0.3007279474435771,0.07261811150455115,0.17787852449438823,0.05821443928160919,0.041449270294023455,0.009956106654408423,0.07458808540610891,0.14789759496866678,7,16,-42.0,0.4375
LAC,2021,27.538672,17.962142,9.811915,42.387112,8.419344,7.438636000000001,4.5795,7.461408,29.697328,155.296057,0.17733014303125547,0.11566386389320883,0.06318199695179641,0.2729439035274412,0.05421479567893988,0.04789970939184889,0.02948883628127146,0.048046345439408035,0.19123040580482994,9,17,15.0,0.5294117647058824
LAC,2022,58.422109,16.474388,14.760606,35.395103,10.200011,11.78316,5.779,10.392497,47.424347,210.63122099999998,0.27736680593994184,0.07821436879958077,0.07007795867071387,0.16804300346338497,0.048425921625360566,0.05594213404858913,0.027436578359862428,0.04933977475257574,0.22515345433999076,10,18,6.0,0.5555555555555556
LAC,2023,43.865248,70.439441,16.366678,37.720377,55.596,11.009074,4.27,10.354767,50.876493,300.498078,0.1459751366529539,0.2344089568519636,0.054465166995177915,0.1255261838979216,0.18501283059787155,0.0366360879020331,0.01420974146796373,0.03445867963255326,0.16930721600156126,5,17,-52.0,0.29411764705882354
LAC,2024,45.664175,53.833373,10.964361,44.373047,60.234167,9.989911,8.901,13.205332,13.279204,260.44457,0.17533164542459073,0.20669800487681506,0.04209863542173292,0.17037424508408833,0.23127442050337238,0.03835714831758635,0.0341761780635319,0.05070304210988158,0.05098668019840076,11,18,81.0,0.6111111111111112
LV,2013,13.860925,5.962776,10.162728,7.308814,6.402725,11.787959,3.775,1.136363,2.758861,63.15615100000001,0.21947070523661263,0.09441322667051066,0.16091430270980253,0.11572608343405853,0.10137927816405404,0.18664783735791624,0.059772483601795164,0.017992910935943515,0.043683171889306545,4,16,-131.0,0.25
LV,2014,20.705440000000003,14.148345,6.613647,15.293162,8.092951,9.043467,3.775,0.566213,6.519393,84.757618,0.24429001768313033,0.16692711916467498,0.07803011877941167,0.1804340702448717,0.0954834643890063,0.10669798436289232,0.04453876936466054,0.006680378865767558,0.07691807714558473,3,16,-199.0,0.1875
LV,2015,14.895179,18.269293,12.132012,23.465761,1.342951,9.725134,3.775,4.435909,19.15878,107.200019,0.13894754067161127,0.17042247912288153,0.11317173367292034,0.218896985456691,0.012527525764710919,0.0907195175030706,0.03521454599742189,0.0413797408002325,0.17871993101046,7,16,-40.0,0.4375
LV,2016,36.828091,15.624543,17.617259,37.654481,5.085922999999999,3.740099,7.074999999999999,4.435909,12.997447,141.058752,0.2610833463208295,0.1107662075444989,0.12489305874477041,0.26694182718985066,0.0360553523116382,0.026514476747958184,0.0501564057507045,0.03144724405331475,0.09214208133643491,12,17,18.0,0.7058823529411765
LV,2017,35.520233,11.031599,7.331995,47.866856,25.744972,7.814699,8.0124,8.873763,15.072247,167.26876399999998,0.21235425043255537,0.06595133924705751,0.04383361737520821,0.286167332473384,0.15391380544905567,0.046719416184602174,0.04790135234095471,0.0530509270696829,0.09010795942749958,6,16,-72.0,0.375
LV,2018,25.616905,19.097681,11.578459,51.209674,25.1342,9.495699,4.950889,11.925833,15.4562,174.46554,0.14683074376750846,0.10946391476505905,0.06636530629487061,0.2935231450290986,0.14406397962600523,0.05442736141475273,0.028377460672176294,0.06835638143784727,0.08859170699268176,4,16,-177.0,0.25
LV,2019,30.059854,21.564978,15.648592,51.603527,28.837103,11.283982,1.725833,11.528099,17.57577,189.827738,0.15835332768912833,0.11360288136605198,0.08243575024847001,0.27184397572076635,0.15191195609147487,0.059443272721292184,0.009091574383086205,0.060729264971803004,0.09258799680792697,7,16,-106.0,0.4375
LV,2020,32.885055,38.292158,37.299884,39.75674,35.938,10.029183,2.850833,16.117399000000002,20.447189,233.61644099999998,0.14076515702077666,0.16391037307173087,0.1596629237237631,0.17017954656710144,0.153833351138159,0.04293012493928028,0.012203049527665736,0.06899085925206781,0.08752461475945524,8,16,-44.0,0.5
LV,2021,17.627888,44.645393,35.968042,43.215471,28.757,15.712283,7.524833,10.227699,15.374006,219.05261500000003,0.08047330546590369,0.20381127611738392,0.1641981859015926,0.19728352021727746,0.13127896236253558,0.07172835165651867,0.03435171499778717,0.046690604446790095,0.07018407883421067,10,18,-72.0,0.5555555555555556
LV,2022,21.174313,65.693641,9.997809,35.82219,42.050688,11.960128,8.740832999999999,18.854098,41.598233,255.891933,0.08274709074162179,0.25672415784986863,0.03907043447125783,0.1399895244059921,0.16432986967197594,0.04673898023975613,0.03415829837824547,0.07367992331356535,0.16256172092771679,6,17,-23.0,0.35294117647058826
LV,2023,27.09642,66.746442,7.686209,35.503057,28.337345,20.548745,7.871667,10.19071,53.085621,257.066216,0.10540638292197835,0.25964688413198567,0.029899724357400584,0.13810860700575295,0.1102336411253667,0.07993561083110198,0.030621164937519447,0.0396423542485256,0.20650563044036874,8,17,1.0,0.47058823529411764
LV,2024,24.605009,69.547161,7.549637,37.910799,15.749012,7.51478,4.655667,11.500306,18.163488,197.19585899999998,0.12477447105012485,0.35268063615879486,0.03828496723148735,0.19224946807833324,0.07986482109647142,0.03810820388474791,0.023609354798875368,0.0583192063886088,0.09210887131255632,4,17,-125.0,0.23529411764705882
MIA,2013,24.728225,30.822816,16.879857,14.230231,7.167128,2.036297,3.826169,1.889002,21.953403,123.53312800000003,0.2001748470256496,0.24951052805851393,0.13664235070611988,0.11519364263163479,0.058017862220731575,0.01648381315172396,0.030972817267283955,0.01529146092698308,0.17771267801135898,8,16,-18.0,0.5
MIA,2014,26.813764,26.191804,17.548872,24.541638,7.167128,4.802667,3.826169,1.1948880000000002,22.92413,135.01106000000001,0.19860420324083075,0.19399746954064354,0.12998099563102458,0.1817750190243673,0.05308548795928274,0.035572396809565074,0.028339670838818685,0.008850297153433207,0.169794459802034,8,16,15.0,0.5
MIA,2015,21.664278,37.840298,8.021838,27.91174,22.020000000000003,3.04287,1.0503330000000002,8.156888,8.816581,138.52482600000002,0.15639274652472762,0.2731661832226376,0.05790902780126935,0.20149269128120037,0.15896067611736253,0.021966243076168887,0.007582272653423149,0.05888394330125345,0.06364621602195694,6,16,-79.0,0.375
MIA,2016,36.104066,51.22779,10.290705,30.782187,21.785,5.486685,1.0503330000000002,8.921888000000001,6.51637,172.165024,0.20970615959720137,0.2975505059610714,0.059772332154991024,0.17879466040675024,0.12653557321840236,0.031868755177590545,0.006100733909809697,0.05182172193116298,0.037849557643020455,10,17,-35.0,0.5882352941176471
MIA,2017,26.1824,48.532103,21.770547,26.204959,31.9734,4.057115,3.886666,11.738013,16.476166,190.821369,0.13720895168716665,0.25433264237822334,0.11408862180419636,0.13732717219946158,0.1675567058739632,0.02126132424927734,0.020368085714760804,0.06151309500352657,0.08634340108942411,6,16,-112.0,0.375
MIA,2018,36.646826,51.541045,13.627147,26.015826,22.370632,4.70261,2.338333,6.064052,29.62083,192.92730100000003,0.18995147814771945,0.2671526773704256,0.07063358544574258,0.13484782021596828,0.11595368765356852,0.024375036480710415,0.012120280478085367,0.031431798239897626,0.153533635967882,7,16,-114.0,0.4375
MIA,2019,58.752827,18.546248,8.651017,18.465321,10.23944,6.2448,2.929133,6.891045,25.307044,156.026875,0.3765558145031105,0.11886572745881117,0.05544568523852061,0.11834705399310215,0.06562613011380251,0.04002387409220367,0.018773259414443827,0.044165756700568416,0.16219669848543722,5,16,-188.0,0.3125
MIA,2020,65.676925,31.310644,13.556659,24.227779,14.583859,6.964005,4.40383,5.741321,25.096717,191.561739,0.34284991012740806,0.16344936187909634,0.0707691372544911,0.12647504207507745,0.07613137715355571,0.0363538409932685,0.022989089694993844,0.029971125914658774,0.1310111149074503,10,16,66.0,0.625
MIA,2021,55.268059,23.337574,19.8977,20.769632,12.900059,9.739957,6.671363,9.502546,36.509943,194.596833,0.28401314732598965,0.11992782020250041,0.10225089326094017,0.10673160338637167,0.0662912073188776,0.0500519810617884,0.0342829988399657,0.048831966345516016,0.18761838225805041,9,17,-32.0,0.5294117647058824
MIA,2022,59.373961,35.482352,22.386226,42.669694,15.488611,7.626777000000001,7.397863,20.698174,44.604114,255.727772,0.23217642939461422,0.13875048346332913,0.08753928376617617,0.1668559252140984,0.0605667928784833,0.029823812018352082,0.028928664814707728,0.08093831122886412,0.17442029722137495,9,18,-5.0,0.5
MIA,2023,60.509651,40.678952,17.894026,47.552963,13.254411,11.532667,6.985833,6.2585,47.425705,252.09270800000002,0.2400293585643897,0.16136504829009177,0.0709819262205712,0.18863283820173013,0.052577526359865984,0.04574772150886649,0.02771136482059608,0.02482618418300302,0.18812803185088559,11,18,86.0,0.6111111111111112
MIA,2024,47.322716,24.961567,17.566226,43.160711,54.653400000000005,12.281672,9.5673,10.976333,76.596389,297.086314,0.1592894514824402,0.08402126191514833,0.05912835823194467,0.14528003804308534,0.1839647180785312,0.04134041664403295,0.03220377226801501,0.036946612761165426,0.2578253705756368,8,17,-19.0,0.47058823529411764
MIN,2013,9.662259,29.944152000000003,11.890709,23.211026,9.073009,17.654958,1.140531,5.865609,13.535289,121.97754200000001,0.07921342602558756,0.24548905896136192,0.0974827726894185,0.19028934031151404,0.07438261872829016,0.14473941440794075,0.009350335982340092,0.04808761435773152,0.11096541853581537,5,16,-89.0,0.3125
MIN,2014,12.643428,27.188052,13.75834,27.547145,10.042051,16.404583000000002,1.140531,8.660646,12.007389,129.392165,0.09771401537334196,0.2101213160781412,0.1063305494579212,0.21289654593846544,0.07760942094136844,0.1267818882232939,0.00881452907136997,0.06693331083841127,0.09279842407768661,7,16,-18.0,0.4375
MIN,2015,17.592852,28.918781,13.868177,12.802059,5.490709,14.69125,3.836048,8.120646,19.10719,124.42771200000001,0.14139014305752082,0.23241431137140894,0.11145569404989138,0.10288752235514866,0.044127702034736434,0.11807056293054716,0.03082953096493488,0.06526396627786582,0.15356056695794582,11,17,62.0,0.6470588235294118
MIN,2016,31.764552,31.526116,15.489147,31.627559,23.515709,18.63725,5.603548,8.73951,10.213435,177.116826,0.17934237371665637,0.1779961662140445,0.08745158407479592,0.17856891247588189,0.13276948063646984,0.10522574518131891,0.03163758140065134,0.0493431945308234,0.057664961769357814,8,16,20.0,0.5
MIN,2017,41.318679,40.885381,12.660201,26.320047,22.107376,9.509578,3.57,9.292547,15.722913,181.38672200000002,0.22779329459407727,0.22540448688410608,0.06979673517667957,0.14510459591413752,0.12187979228159819,0.05242709000496739,0.01968170525734513,0.05123058015238844,0.0866817197347003,14,18,104.0,0.7777777777777778
MIN,2018,41.587295,57.349874,19.138154,31.160507,29.494862,9.974526,4.0875,9.996122,26.749245,229.538085,0.18117819097427776,0.24984905663911938,0.08337681304607904,0.1357531017129467,0.12849659349558484,0.04345477570748227,0.017807502402052366,0.043548860312222264,0.1165351057102354,8,16,19.0,0.5
MIN,2019,39.882514,52.271679,26.794422,28.626823,29.065,4.755623,3.578644,10.499122,34.3405,229.81432699999996,0.173542330979217,0.22745178545809291,0.1165916083203986,0.12456500590583287,0.12647166249125977,0.020693326922128753,0.015571892521739955,0.045685237021798046,0.14942715037953228,11,18,93.0,0.6111111111111112
MIN,2020,36.023649,34.323779,33.945688,27.075436,34.3331,18.230595,8.074777000000001,10.642204,23.234239,225.883467,0.15947890953878444,0.15195348050860227,0.1502796483994112,0.11986462028228033,0.15199474514883377,0.08070796522704338,0.03574753436912672,0.0471136915921341,0.10285940493378384,7,16,-45.0,0.4375
MIN,2021,32.647071,46.536013,26.366131,34.476111,36.220353,19.329327,2.7825,2.900741,27.620979,228.87922600000002,0.14263885617998373,0.20332126166837,0.11519669766796571,0.15063014500057773,0.1582509414812509,0.08445208129111725,0.012157066626920522,0.012673675329538208,0.12067927475427585,8,17,-1.0,0.47058823529411764
MIN,2022,31.518287,26.327107,17.889804,34.529555,38.0197,18.722705,4.3005,8.145073,26.955338,206.40806899999998,0.1526989092659939,0.12754882659165812,0.08667201862152009,0.16728781567158602,0.18419677188104502,0.09070723393085957,0.020834941292920097,0.03946102029567459,0.13059246244874276,13,18,-10.0,0.7222222222222222
MIN,2023,39.434418,17.752408,10.261704,43.623581,40.995818,12.988004,4.1966660000000005,28.4675,14.94666,212.66675899999998,0.18542821729840725,0.08347523648488948,0.04825250569601242,0.20512646736672188,0.19277022038032754,0.06107209260663064,0.01973353061726022,0.1338596597505866,0.07028206979916406,7,17,-18.0,0.4117647058823529
MIN,2024,43.020638,16.998164,12.581611,82.275328,19.586099,12.984711,3.244321,27.361667,48.818099,266.87063800000004,0.1612040887015828,0.06369439563448713,0.04714498040807321,0.3082966661922545,0.07339173446274744,0.048655450061164084,0.012156905024523526,0.1025278284829521,0.18292795103221504,14,18,82.0,0.7777777777777778
NE,2013,16.864174,19.050398,15.627299,19.819745,12.136957,2.283663,3.4,9.0,10.351343,108.533579,0.15538208686548519,0.17552538279420418,0.14398584423351599,0.18261394475897638,0.11182674626439805,0.021041073380617073,0.03132671041834896,0.08292364522504136,0.09537456605941282,13,18,117.0,0.7222222222222222
NE,2014,32.174174,17.472469,17.25194,16.289594,12.270975,2.257935,3.4,10.2,16.417093,127.73418000000001,0.25188382623977384,0.1367877337138736,0.1350612655124885,0.1275272914422749,0.09606649527949371,0.017676826985541377,0.026617777637903964,0.07985333291371188,0.12852545027493817,15,19,201.0,0.7894736842105263
NE,2015,20.427599,20.246416,12.679039,23.214566,12.270975,5.049272,6.953333,13.3325,17.177093,131.350793,0.1555194189044599,0.1541400362919773,0.09652807349248359,0.17673715909731888,0.09342140020426065,0.03844112307719375,0.05293712235144252,0.10150300348776728,0.13077266309309604,13,18,155.0,0.7222222222222222
NE,2016,22.19625,18.116695,15.865699,25.753496,22.223683,4.364272,6.953333,18.7925,19.052798,153.318726,0.14477194390462128,0.11816361557817798,0.10348180821695584,0.1679735846487532,0.14495087181979324,0.028465355236515597,0.045352144394938426,0.12257145940542188,0.12426921679482257,17,19,234.0,0.8947368421052632
NE,2017,42.050262,16.029826,21.506018,27.279795,22.105,13.48,6.953333,25.078333,24.854014,199.33658099999997,0.2109510546887528,0.08041587710386185,0.10788796462802783,0.13685292916707548,0.11089284209203931,0.06762431628141552,0.03488237314554924,0.1258089853562804,0.1246836575369977,15,19,179.0,0.7894736842105263
NE,2018,40.980649,18.347023,16.636177,21.227208,22.746007,14.006674,7.410832999999999,17.793934,28.881074,188.029579,0.21794788467829307,0.09757519586851811,0.08847638275039695,0.11289291883166956,0.12097036605075842,0.07449186492089098,0.039413123400122055,0.09463369590377053,0.15359856759558027,14,19,140.0,0.7368421052631579
NE,2019,56.51033,12.611008,17.079936,19.904489,24.701178,14.214458,8.09002,2.032268,39.568086,194.711773,0.29022554275647217,0.0647675680093571,0.08771907182006915,0.10222540061817424,0.1268602181543486,0.07300256055908853,0.04154869464416002,0.010437314440149443,0.20321362899818082,12,17,188.0,0.7058823529411765
NE,2020,54.023439,17.249717,13.043204,45.506202,5.406478,14.274625,3.029419,6.648973,22.378886,181.560943,0.2975498921042727,0.09500786190563022,0.07183926115651426,0.2506387180419084,0.02977775897539814,0.07862167250365074,0.016685411245082594,0.036621163616670574,0.12325826045087242,7,16,-27.0,0.4375
NE,2021,47.974051,25.798764,22.013926,26.394364,4.937613,8.057316,2.933186,28.338271,23.264953,189.712444,0.252877723719589,0.13598878099952155,0.11603838702325717,0.1391282693084698,0.02602682721224128,0.0424712044719639,0.015461220878056898,0.14937486652167106,0.12263271986522928,10,18,129.0,0.5555555555555556
NE,2022,43.236257,27.972101,8.7508,17.191448,7.250553,5.086049,11.013832,25.418667,31.658499,177.57820600000002,0.24347727107908723,0.1575198985848522,0.04927856969114779,0.0968105737029464,0.04083019624604158,0.028641177960768448,0.06202243083816265,0.14314069036151877,0.17827919153547478,8,17,17.0,0.47058823529411764
NE,2023,65.38097,28.433146,18.772927,23.581761,6.371147000000001,5.274565,3.952301,18.620999,27.756825,198.14464100000004,0.32996587578666836,0.14349692152411023,0.09474355150488271,0.11901286293178122,0.03215402126368888,0.02661977115999821,0.019946545009006826,0.09397679849438874,0.14008365232547468,4,17,-130.0,0.23529411764705882
NE,2024,47.092287,47.728498,21.165826,24.917087,18.21077,15.3025,4.754614,14.802715,15.911317,209.885614,0.2243711996382944,0.22740242692383864,0.1008445771800253,0.11871746007327591,0.08676521297929451,0.07290876067380206,0.02265335822397051,0.07052753506012088,0.07580946924737776,4,17,-128.0,0.23529411764705882
NO,2013,23.678333,9.72832,9.3,20.106526,20.825,8.240438,4.49375,1.322403,12.475219,110.169989,0.21492543672669331,0.08830281357294135,0.08441500343618988,0.18250456573976784,0.18902606952243592,0.07479748409523758,0.04078923889154605,0.012003296106347074,0.11323609190884097,12,18,104.0,0.6666666666666666
NO,2014,21.767074,8.33832,9.897215,21.531859,20.92,4.649188,4.49375,10.496667,10.678182,112.772255,0.19301799010758453,0.07393946321282659,0.08776285443613767,0.19093223772106002,0.18550662128730158,0.0412263459660357,0.0398480104880407,0.09307845267437456,0.09468802410663864,7,16,-23.0,0.4375
NO,2015,25.507849,14.492546,15.531857,22.16285,22.770152,9.727322,5.36375,0.496667,6.735863,122.78885599999998,0.20773749207338493,0.1180281865318462,0.12649239927766737,0.1804956143577069,0.1854415192206042,0.07921990901193836,0.043682710098707986,0.0040448866141402934,0.05485728281400391,7,16,-68.0,0.4375
NO,2016,31.182252,25.56197,14.769157,32.676708000000005,26.7373,7.90119,6.469583,11.266667,9.15753,165.72235700000002,0.1881595975611184,0.15424575454233974,0.08911988259978705,0.19717742730390928,0.16133791773188452,0.04767727265670014,0.03903868564939611,0.06798519646929713,0.05525826548556752,7,16,15.0,0.4375
NO,2017,17.174656,32.611237,18.122043,42.915694,25.706667,8.037443,5.785,13.266467,8.338234,171.95744100000002,0.09987736442297951,0.18964714065499497,0.10538679160734893,0.24957160184769206,0.14949435657163562,0.04674088514727315,0.03364204518488967,0.07714971171267895,0.048490102850507054,12,18,122.0,0.6666666666666666
NO,2018,26.148051,27.251792,19.936232,42.301776,32.126667,9.115843,4.995,4.7792,18.240965,184.895526,0.1414206799141262,0.14739021862540902,0.10782430722525975,0.22878745048703883,0.17375578357693738,0.049302669443716016,0.027015256172288345,0.025848110570290385,0.09865552398493406,14,18,154.0,0.7777777777777778
NO,2019,33.36441,35.961264,26.158216,40.165423,32.806667,8.879643,9.181667,12.913,28.661298,228.09158799999997,0.14627637210364813,0.15766150920041824,0.11468294920196707,0.17609339893762327,0.14383111314039343,0.03893016431627457,0.04025429907568533,0.05661322328116722,0.12565697074282284,13,17,111.0,0.7647058823529411
NO,2020,29.627734,46.23953,28.680411,49.92515,37.51,23.6075,10.315167,13.141603,14.178485,253.22558,0.1170013471782748,0.18260212890024777,0.11326032306846724,0.19715681962304124,0.14812879488715158,0.09322715343370919,0.04073509082297294,0.051896822587986564,0.055991519498148644,13,18,147.0,0.7222222222222222
NO,2021,60.587883,41.914026,15.891369,60.048935,44.103395,21.626667,8.069666999999999,6.27007,5.697731,264.20974299999995,0.22931736851203102,0.15863921414888932,0.06014679405672032,0.22727751943651833,0.16692569509066138,0.08185416160069467,0.030542654893691793,0.023731410994938217,0.02156518126585514,9,17,29.0,0.5294117647058824
NO,2022,62.362424,46.394325,19.831364,62.760907,17.207,21.351762,7.716334,15.507803,19.587467,272.719386,0.22866883397867432,0.17011744445625882,0.07271710416655162,0.23012998056544468,0.06309415789019121,0.07829205804973469,0.02829404287379849,0.05686358871459178,0.07182278930475446,7,17,-15.0,0.4117647058823529
NO,2023,49.266383,53.01892,19.990228,61.714594,53.136203,23.795007,3.376667,12.6815,19.406059,296.38556100000005,0.16622396460129849,0.1788849626180001,0.06744669994230926,0.2082240234368232,0.17928067352781735,0.08028396160634828,0.01139281882898472,0.04278717207819715,0.0654757233602213,9,17,75.0,0.5294117647058824
NO,2024,26.561216,64.607765,21.772798,59.619471,40.710323,21.998578,5.266667,25.186333,19.299038,285.022189,0.09318999370957746,0.2266762641416665,0.07638983503842221,0.20917484077002857,0.14283211823904698,0.07718198389108574,0.018478094700198937,0.08836621839291256,0.06771065111706091,5,17,-60.0,0.29411764705882354
NYG,2013,16.141968,20.047804,4.58467,24.629799,16.9034,4.8006,0.0,2.871413,6.219546,96.1992,0.16779732055983831,0.20839886402381722,0.0476580886327537,0.256029145772522,0.1757124799374631,0.04990270189357084,0.0,0.02984861620470856,0.0646527829753262,7,16,-89.0,0.4375
NYG,2014,27.222955,15.633648,9.037477,22.051736,16.9034,3.7534,0.0,0.621413,4.3745460000000005,99.59857500000001,0.27332675191387024,0.15696658310623418,0.09073901910745209,0.2214061395958727,0.16971527956097765,0.037685278127724216,0.0,0.006239175610695233,0.04392177297717362,6,16,-20.0,0.375
NYG,2015,16.477195000000002,13.622145,11.62834,17.256905,21.6534,7.765066999999999,0.0,0.95,9.646254,98.999306,0.16643747987485893,0.1375983888210287,0.11745880319605471,0.17431339367166876,0.2187227453897505,0.07843557004328898,0.0,0.009596026865077215,0.09743759213827216,6,16,-22.0,0.375
NYG,2016,39.074795,44.796144,13.131692,17.173318000000002,22.6557,10.882304,5.39,3.241714,14.818777,171.164444,0.22828803743842968,0.2617140742150864,0.07671974209783895,0.10033227461656699,0.13236218615590514,0.06357806414514454,0.031490184959207995,0.01893917874672616,0.08657625762509415,11,17,1.0,0.6470588235294118
NYG,2017,33.922904,51.85959,14.026492,21.185772,23.102832,7.813049,3.8175,7.922751,16.25431,179.9052,0.18855988598439624,0.2882606506093209,0.07796601765818886,0.11776075399710513,0.1284166994617165,0.04342870022656377,0.02121950894137579,0.044038476931183755,0.09034930619014903,3,16,-142.0,0.1875
NYG,2018,25.77508,8.303396,13.381752,27.546963,22.346925,13.408337,2.797502,8.738837,9.979683,132.278475,0.19485468062736588,0.06277208744657814,0.10116348861747916,0.20824977759987032,0.16893848375557702,0.10136446613857622,0.021148580674217786,0.0660639382182173,0.07544449692211828,5,16,-43.0,0.3125
NYG,2019,14.102459,14.82578,16.399044,40.047611,28.466014,10.006267,5.606389,11.038305,28.595036,169.086905,0.08340361425386549,0.08768142039148448,0.09698589018469526,0.2368463187613494,0.1683513812024651,0.05917824919676659,0.033156849136247425,0.06528184426818859,0.1691144326049377,4,16,-110.0,0.25
NYG,2020,37.926531,24.305455,17.962488,51.141507,10.062814,14.560267,6.5443,8.926906,31.328209,202.75847699999997,0.18705275143687336,0.11987392763854703,0.08859056482259926,0.252228699666155,0.04962956000108445,0.07181089153673216,0.03227633239718999,0.044027288683964626,0.1545099838168542,6,16,-77.0,0.375
NYG,2021,50.271013,31.448210000000003,21.119921,33.130446,9.396614,13.604006,6.140000000000001,12.959739,38.762289,216.83223800000002,0.23184289136931752,0.1450347526275129,0.09740212615432213,0.15279299012723374,0.043335871486047194,0.06273977580769147,0.028316822519721445,0.05976850637865021,0.1787662635295034,4,17,-158.0,0.23529411764705882
NYG,2022,29.132535,30.250073,5.158625000000001,40.507753,12.23768,12.397906,5.3975,5.601111,30.272263,170.95544600000002,0.1704101020566493,0.17694711521503675,0.030175259815940582,0.23694918148439678,0.07158403131538726,0.0725212696646119,0.031572553705016215,0.03276357162672665,0.1770769151162344,10,19,-30.0,0.5263157894736842
NYG,2023,30.486925,42.246683,20.269567,52.177231,45.932,14.872763,12.041633,20.635278,20.528088,259.190168,0.1176237711300839,0.16299492888171588,0.07820345639036738,0.20130868158548357,0.17721351220390427,0.05738166348964286,0.046458679713499,0.07961443197953402,0.07920087462576898,6,17,-141.0,0.35294117647058826
NYG,2024,22.728835,34.093953,22.365422,53.926456,7.281,10.108166,9.821667,22.243422,23.650215,206.21913600000002,0.11021690537972188,0.16532875494153945,0.10845463924356659,0.2615007367696468,0.035307101664900774,0.049016624722935505,0.04762733076332935,0.1078630355623253,0.11468487095203424,3,17,-142.0,0.17647058823529413
NYJ,2013,19.73933,7.268958,9.70449,24.379168,14.746568,3.810062,0.0,0.84,11.374104,91.86268000000001,0.2148786645458199,0.07912852096194013,0.10564126803180572,0.2653870755784612,0.16052838867753474,0.04147562426874547,0.0,0.009144083320887219,0.12381637461480548,8,16,-97.0,0.5
NYJ,2014,10.83123,7.268958,9.70449,27.773379,5.254901,7.165687,0.0,1.073249,24.9456,94.01749400000001,0.11520441078763488,0.07731495161953582,0.10322004540984679,0.2954065016878667,0.055892800120794534,0.07621652838353678,0.0,0.011415418071024098,0.26532934391976026,4,16,-118.0,0.25
NYJ,2015,42.853937,16.029574,8.616157000000001,31.579651,5.588325,6.389687,0.87,0.0,22.043522,133.970853,0.3198750776036337,0.11964971216537675,0.06431366828723559,0.2357203099990712,0.04171299110859584,0.0476946056318683,0.006493949844448628,0.0,0.16453968535977,10,16,73.0,0.625
NYJ,2016,38.11874,35.317774,14.628136,31.288643,15.128401,12.123562,0.0,4.513733,14.598537,165.717526,0.23002238157960433,0.2131203310384926,0.08827150847038351,0.18880708489456935,0.09129028996003719,0.07315799537099052,0.0,0.027237511378247346,0.08809289730767524,5,16,-134.0,0.3125
NYJ,2017,24.565106,31.661082,5.1304110000000005,31.824938,7.9959,10.256929,2.9450000000000003,3.169246,17.724823999999998,135.273436,0.1815959343266774,0.23405247132186396,0.037926226698344535,0.2352637660508601,0.05910916611891192,0.07582367464961856,0.02177071927115092,0.02342844311280745,0.13102959844976508,5,16,-84.0,0.3125
NYJ,2018,43.551943,19.305798,15.982232,36.818692,18.686924,10.093436,1.785,3.912513,25.517095,175.65363299999999,0.2479421703734417,0.10990833306590363,0.09098719865361396,0.2096096241857975,0.10638506975827823,0.057462153373167076,0.010162044299988945,0.02227402265001829,0.14526938363979072,4,16,-108.0,0.25
NYJ,2019,43.058437,17.316036,30.841063,47.043473,10.774924,17.49064,5.109999999999999,5.574976,22.429602000000003,199.63915099999997,0.21568132695575332,0.08673667421076141,0.1544840420604674,0.23564252184182052,0.053971998708810386,0.08761127219981016,0.025596181783001073,0.027925264017978124,0.11235071822159776,7,16,-83.0,0.4375
NYJ,2020,22.725424,23.214912,25.622463,46.75172,11.60449,5.897525,4.458325,5.576643,31.876372,177.72787399999999,0.12786640321821438,0.13062054633028472,0.14416682326374985,0.26305226607279397,0.06529358473055275,0.03318289285337426,0.025085119737605147,0.031377424792691774,0.17935493900073324,2,16,-214.0,0.125
NYJ,2021,24.307696,62.249896,28.287547,51.413152,13.137695,4.272665,3.028358,4.87721,30.731776,222.30599499999997,0.10934341199390508,0.280018971148304,0.12724599262381567,0.2312719996597483,0.05909734912906871,0.019219747087792213,0.01362247563319199,0.02193917442487325,0.13824087829930096,4,17,-194.0,0.23529411764705882
NYJ,2022,37.914862,50.339034,21.609223,64.294144,15.034695,7.540337,4.2452250000000005,16.918726,31.895065,249.79131099999998,0.15178615240143403,0.20152435966837934,0.0865091059952842,0.25739143504475226,0.06018902314820711,0.03018654640072729,0.016995086750635616,0.06773144322862376,0.12768684736195648,7,17,-20.0,0.4117647058823529
NYJ,2023,43.073158,64.281324,27.373239,49.090725,48.532695,5.72312,5.6283,16.434226,35.720501,295.857288,0.14558761858183464,0.21727138930577908,0.09252176677831239,0.1659270431763033,0.16404089731262594,0.01934419137918955,0.019023699020725156,0.05554781533723786,0.1207355791079921,7,17,-87.0,0.4117647058823529
NYJ,2024,39.094145,46.06123,22.04634,36.61208,45.736902,8.228482,9.5925,11.515393,44.753532,263.640604,0.1482857511584217,0.17471220024970055,0.0836227032767684,0.13887117327344614,0.17348201038107167,0.031210981446545313,0.03638475961009405,0.04367837436755379,0.1697520462363984,5,17,-66.0,0.29411764705882354
PHI,2013,15.657209,8.795532999999999,10.557802,31.781521,8.877012,9.53772,2.582527,6.2198,13.25362,107.26274400000003,0.14597061771979278,0.08199988805059842,0.09842934840451217,0.29629599071230167,0.08275950874424766,0.08891922436740941,0.024076644915964476,0.057986582927619296,0.12356219415755387,10,17,58.0,0.5882352941176471
PHI,2014,22.641958,5.988306,10.647802,36.594996,3.627012,12.5,2.895833,6.7323,11.942554,113.57076099999999,0.19936432406224697,0.052727532573282665,0.09375478253597333,0.32222198458281004,0.03193614243722467,0.11006354003386488,0.025498050506150966,0.05927846164559909,0.10515518162284745,10,16,74.0,0.625
PHI,2015,25.183833,8.636506,15.418283,25.552176,17.5,15.721667,3.525833,6.7323,11.911897,130.18249500000002,0.19345022539320664,0.06634153078722296,0.1184359156736088,0.19627966110190156,0.13442667541438652,0.12076636724468984,0.027083771900361868,0.051714326108129975,0.0915015263764917,7,16,-53.0,0.4375
PHI,2016,28.164258,48.8317,20.173306,43.21403,14.269085,9.367812,4.945,13.0125,14.200229,196.17792,0.143564872132399,0.248915372331402,0.1028316846258743,0.22027978479943106,0.07273542812565247,0.0477516124138741,0.02520671031683892,0.0663300946406201,0.07238444061390803,7,16,36.0,0.4375
PHI,2017,29.146882,55.292807,16.165706,43.927563,13.309085,11.936348,3.950733,15.646,20.859472,210.23459600000004,0.13863979837076862,0.2630052715015563,0.07689365265077493,0.20894545348758864,0.06330587473814252,0.05677632619514249,0.018792021271323008,0.07442162373694193,0.09921997804776145,16,19,206.0,0.8421052631578947
PHI,2018,28.763598,49.436345,13.029985,44.67574,22.38409,5.076176,1.1949,13.652321,29.765172,207.978327,0.13830093940509483,0.23769950317948274,0.06265068667467452,0.21480959407852143,0.1076270317339364,0.02440723547122292,0.0057453101832096185,0.06564299846493139,0.1431167008089261,10,18,14.0,0.5555555555555556
PHI,2019,28.692179,54.059882,14.954431,59.011562,37.435,6.067064,1.8975,13.261071,29.944445,245.32313399999998,0.1169566788593203,0.220361941079719,0.060958095374731354,0.24054625847067485,0.15259465909154743,0.024730908581984772,0.007734696557398456,0.05405552580295995,0.12206123618166399,9,17,23.0,0.5294117647058824
PHI,2020,33.109126,62.232154,6.0533,58.179031,35.206294,9.806986,5.911250000000001,12.820283,35.955471,259.27389500000004,0.12769941995124498,0.2400247583737653,0.023347124861914845,0.224392166438507,0.13578803990274452,0.03782481070838234,0.02279924864784401,0.049446871618139564,0.1386775594974573,4,16,-84.0,0.25
PHI,2021,38.723224,65.466009,6.694233,72.354446,2.926698,5.315939,2.583334,17.199666,13.846722,225.110271,0.17201891245557605,0.29081751227601693,0.029737572480644382,0.3214177908390506,0.013001174877533685,0.023614822088682038,0.011475860201865244,0.07640551416687691,0.061510840613754135,9,18,43.0,0.5
PHI,2022,39.986815,71.465677,9.415734,82.620944,3.222593,5.469173,2.8605340000000004,18.088468,36.997679,270.127617,0.14802934792113462,0.2645626455883628,0.034856613716767806,0.3058589303736389,0.011929890900418376,0.020246626615745104,0.01058956515356962,0.06696267564526732,0.13696370408509545,16,20,185.0,0.8
PHI,2023,57.589391,46.483502,7.009367,62.908584,57.00663,7.188611,5.632467,17.251379,38.473013,299.542944,0.19225754488144445,0.1551814286768845,0.02340020735056941,0.21001524242213498,0.19031204420558812,0.023998599012233786,0.01880353756555187,0.057592339748119725,0.12843905613747325,11,18,-18.0,0.6111111111111112
PHI,2024,47.084506,45.805501,6.934078,93.153568,55.748606,15.516077,9.36,18.206035,70.376914,362.185285,0.13000115672838558,0.12646980122342627,0.019145112424984356,0.2571986545505293,0.1539228906000419,0.04284016397850067,0.02584312612258667,0.05026718575825078,0.19431190861329442,18,21,228.0,0.8571428571428571
PIT,2013,17.323129,8.198972999999999,10.11882,7.981486,15.314222,1.03015,0.0,8.506474,11.594843999999998,80.068098,0.21635494576129435,0.10239999706250046,0.12637767416430948,0.09968372172397551,0.19126496547975946,0.01286592320452023,0.0,0.10624049043852647,0.14481228216511396,8,16,9.0,0.5
PIT,2014,15.624132,10.378504,17.140705999999998,20.310607,15.314222,3.642154,3.14375,4.0,12.474649,102.028724,0.15313464078997988,0.10172139367341299,0.16799882746744926,0.19906753905890268,0.15009716283426225,0.0356973395060787,0.030812401417467494,0.03920464593872604,0.12226604931372072,11,17,55.0,0.6470588235294118
PIT,2015,11.231854,17.19913,17.140705999999998,13.453282,23.469805,4.897154,0.96,5.722228,14.080903,108.15506199999999,0.10384954520205444,0.15902288512395288,0.1584826977400281,0.12438883350647056,0.2170014474218507,0.04527900876243777,0.008876144881688478,0.05290762997297344,0.1301918073885437,11,18,99.0,0.6111111111111112
PIT,2016,29.356412,14.969625,21.691667,36.559947,24.501084,4.66245,1.5,7.912228,14.594237,155.74765,0.18848703014138576,0.0961146123232036,0.13927444170104653,0.23473835399763657,0.15731270423662894,0.029935925196945188,0.009630963934287291,0.05080158833857205,0.0937043801302941,13,19,73.0,0.6842105263157895
PIT,2017,32.316117,27.378331000000003,7.838504,38.599347,25.344781,15.323622,1.6800000000000002,9.707894,21.949484,180.13808000000003,0.17939636638738457,0.15198524931541404,0.04351386447551789,0.21427644282652505,0.14069640911016704,0.08506597827622009,0.009326179117707927,0.05389140374983456,0.12184810674122871,13,17,95.0,0.7647058823529411
PIT,2018,27.483877,28.820764,14.101537,41.806788,23.570248000000003,20.442439,7.309,9.411428,24.603195,197.54927600000002,0.13912415958436616,0.1458915192379647,0.07138237752893611,0.21162713853732368,0.11931325934092515,0.10348020207373475,0.036998363891751235,0.04764091365234869,0.12454206615264941,9,16,68.0,0.5625
PIT,2019,36.857955,29.256922000000003,22.334746,38.301674,36.5278,5.596106,7.943834000000001,10.962668,9.749769,197.531474,0.186592821152137,0.14811271038254897,0.11306930256592931,0.19390162602644273,0.1849214166244717,0.0283301991661339,0.04021553547461505,0.05549833541970127,0.04935805318802006,8,16,-14.0,0.5
PIT,2020,38.779392,36.806995,16.942942000000002,37.634607,36.553048,6.084104,7.9953,12.703915,7.722032,201.222335,0.19271912335178898,0.18291704546615067,0.08420010631523585,0.18702996861655544,0.1816550235340426,0.030235729050654345,0.03973366077875998,0.06313372220832246,0.03837562067848979,12,17,93.0,0.7058823529411765
PIT,2021,36.122962,43.143731,20.017778,17.946835,20.875199,8.463861,9.564283,9.94876,14.589737,180.67314599999997,0.19993542371814352,0.23879437511980894,0.11079553571287236,0.09933316266048747,0.11554123820924667,0.046846259045049236,0.05293693729116778,0.055064962448819046,0.08075210579440512,9,18,-76.0,0.5
PIT,2022,46.37061,52.148185,20.761197,36.55206,15.914675,12.019694,8.711216,4.348966,27.250645,224.07724799999994,0.20694028694961486,0.23272414073917944,0.09265196348716316,0.16312258529701332,0.07102316340479158,0.05364084978408876,0.03887595049364406,0.01940833368321268,0.1216127261612924,9,17,-38.0,0.5294117647058824
PIT,2023,47.217075,37.270043,20.98462,43.43537,11.301976,7.958527,8.769983,4.710329,30.094847,211.74277,0.22299261977162196,0.17601565805529037,0.09910430471840903,0.20513271834499944,0.05337597123150887,0.037585826425147836,0.04141809895091105,0.02224552460516125,0.14212927789695015,10,18,-34.0,0.5555555555555556
PIT,2024,47.145558,49.760828,30.457064,41.721614,7.220488,12.365327,10.21,15.877284,24.082723,238.840886,0.19739316324592765,0.20834300539313858,0.12752031073942674,0.1746837180967416,0.03023137336712107,0.05177223718722933,0.04274812479133074,0.0664764072261899,0.10083165995289434,10,18,19.0,0.5555555555555556
SEA,2013,14.639133,26.699035,2.229925,23.370145,0.851194,9.54708,0.0,1.214633,21.997166,100.54831100000001,0.14559302741544805,0.2655343956995955,0.022177647519111485,0.23242702704374615,0.008465522608331033,0.09495017773098147,0.0,0.01208009351842817,0.21877210846435796,16,19,235.0,0.8421052631578947
SEA,2014,32.686869,27.238598,11.953488,19.826904,1.2891940000000002,8.982721999999999,0.0,1.229633,6.654401999999999,109.86180999999999,0.2975271297642011,0.24793509227637886,0.10880476118134227,0.1804713029941888,0.011734687422317185,0.08176382675654079,0.0,0.011192542704330104,0.06057065690070098,14,19,156.0,0.7368421052631579
SEA,2015,39.477569,18.09133,21.110163,12.151821,23.4,14.09,0.901667,10.584633,9.49698,149.30416300000002,0.26441037012477675,0.12117096828706643,0.14139031742872432,0.08138969976342855,0.15672704317025637,0.09437111274653473,0.006039128326247674,0.0708930868859966,0.06360827326696845,11,18,140.0,0.6111111111111112
SEA,2016,42.967635,18.948922,19.229713,10.006843,24.395,6.999212,4.436667,12.908853,21.805147,161.697992,0.2657276968535268,0.11718712004784822,0.11892363511848682,0.061886006599265624,0.15086767434935122,0.04328570759246039,0.027437984511273338,0.07983310639998548,0.13485106852780213,11,18,66.0,0.6111111111111112
SEA,2017,51.527473,18.102634,23.048113,35.807672,22.8774,7.859201,4.095,12.80902,16.288919,192.41543199999998,0.2677928296312533,0.09408098826501608,0.11978307956089511,0.1860956349904409,0.11889586901740815,0.040844961957105394,0.021282076793092148,0.06656960861642325,0.08465495116836576,9,16,34.0,0.5625
SEA,2018,42.17376,11.94604,28.414541,31.982321,22.655108,7.72896,3.332538,5.807653999999999,27.602955,181.64387699999997,0.2321782638453594,0.06576626857617668,0.156429941208533,0.1760715611680101,0.12472266268573425,0.04255007175386375,0.018346547403852213,0.03197274852264907,0.15196193483582165,10,17,79.0,0.5882352941176471
SEA,2019,21.601501,38.121644,34.178121,38.965672,36.54,8.4232,5.270038,7.955901,18.754381,209.810458,0.10295721769979645,0.18169563311281653,0.1628999875687798,0.1857184449785625,0.1741571909632836,0.04014671184789082,0.02511809015735526,0.03791946824690693,0.08938725542460804,12,18,10.0,0.6666666666666666
SEA,2020,27.292724,40.498507,37.543704,36.713865,36.4731,11.664634,5.270038,17.406216999999998,17.58177,230.44455900000003,0.11843509830926403,0.1757407819726392,0.16291859596476735,0.15931756062854144,0.15827277570914572,0.0506179623012926,0.02286900598941891,0.07553320883570958,0.076295010289221,12,17,78.0,0.7058823529411765
SEA,2021,34.880837,23.024373,27.460095000000003,34.347977,37.219316,10.759049,8.257265,8.594527,23.221881,207.76532,0.16788575205910206,0.11081913478149288,0.1321688095010274,0.16532103144066584,0.17914113866549047,0.05178462411339871,0.039743230487166964,0.041366513910983796,0.11176976504067185,7,17,29.0,0.4117647058823529
SEA,2022,48.464538000000005,31.797106,13.696695,27.964251,6.525205,15.81489,9.292265,13.512574,26.201854,193.26937800000002,0.250761597628777,0.16452221417093812,0.07086841765486511,0.14469054171633955,0.033762229006604444,0.08182822423115574,0.04807934446811331,0.06991575250995012,0.13557167861325656,9,18,-12.0,0.5
SEA,2023,53.140926,49.672729,18.428234,20.941252,29.5868,4.615016,9.850265,13.855041,29.706981,229.79724400000003,0.23125136348458553,0.21615894140140335,0.08019345088403235,0.09112925653712364,0.12875176170520128,0.02008299107364403,0.042865026701538675,0.060292459382149936,0.12927474883032103,9,17,-38.0,0.5294117647058824
SEA,2024,38.52284,62.197462,7.841978,23.685365,26.9779,8.890561,10.075265,16.578333,25.412002,220.181706,0.17495931292311817,0.2824824238576842,0.03561593804709643,0.10757190245405766,0.1225256198169343,0.04037829101024406,0.04575886518019803,0.07529387114477168,0.11541377556589558,10,17,7.0,0.5882352941176471
SF,2013,19.079351000000003,12.135413,18.233333,22.447504,1.916324,8.83014,5.75,8.731795,14.934541,112.058401,0.17026256692704372,0.1082954324861373,0.16271277153062355,0.20031968865948746,0.01710111854978191,0.0787994467277826,0.05131252943721729,0.07792182399604292,0.13327462168588322,14,19,144.0,0.7368421052631579
SF,2014,14.541912,12.172913,18.965192,24.904576,22.947912,9.59042,6.4670000000000005,8.731795,20.594815,138.91653499999998,0.10468092945163081,0.08762753116466662,0.13652220738157628,0.1792772617025036,0.16519208458517917,0.06903728199094515,0.04655313350566944,0.06285641230541779,0.14825315791241125,8,16,-34.0,0.5
SF,2015,16.182797,6.08357,9.296203,17.750153,21.0,7.302615,4.55555,9.656078,16.176482,108.00344799999999,0.14983592931218273,0.05632755354254987,0.08607320573691316,0.16434802155575629,0.19443823682369846,0.06761464689534727,0.042179671893438075,0.08940527528343356,0.14977745895668074,5,16,-149.0,0.3125
SF,2016,18.35852,19.392506,22.523503,25.339031,18.4,2.177615,4.62255,11.026283,14.704071,136.544079,0.13445123460827618,0.14202377827016577,0.16495408050611993,0.18557400061265195,0.13475501929307382,0.015948073442276466,0.03385390295832601,0.08075255317368979,0.10768735713541998,2,16,-171.0,0.125
SF,2017,18.353046,32.018164,13.153057,22.929813,2.3088040000000003,9.886433,3.48855,4.851974,19.03971,126.02955099999998,0.14562494156628394,0.2540528292447856,0.10436486439597013,0.18193997215779975,0.018319544755023374,0.07844535604193338,0.027680412826353723,0.03849870099116675,0.15107337802068344,6,16,-52.0,0.375
SF,2018,27.559133000000003,28.340762,12.014686,38.449917,29.477162,16.783213,4.9235500000000005,4.226907,21.475305,183.250635,0.15039038200331478,0.15465573693646412,0.06556422573924506,0.20982146664866946,0.1608570797039803,0.09158611101129337,0.026867846869944003,0.023066261134647638,0.11719088995244137,4,16,-93.0,0.25
SF,2019,31.505424,49.137062,18.611092,46.401127,29.138829,21.305667,8.766017999999999,5.374774,26.435032,236.67502500000003,0.1331168085859503,0.20761405644723177,0.07863563973427275,0.19605417597399638,0.12311746454869921,0.0900207658159115,0.03703820460143607,0.0227095106465078,0.1116933736459941,15,19,192.0,0.7894736842105263
SF,2020,33.007274,65.10375,8.071392,46.787451,30.086162,14.931133,7.156018,22.761686,16.536368,244.441234,0.13503153072774948,0.2663370207008528,0.033019764578671694,0.1914057224895207,0.12308137014232223,0.061082709965373516,0.02927500357816063,0.09311721114940862,0.06764966666794031,6,16,-14.0,0.375
SF,2021,33.267856,52.333593,23.757995,54.312558,36.403315,12.266127,6.311618,18.389008,12.626241,249.668311,0.1332482118645806,0.20961247661101853,0.09515823175493025,0.21753885297842226,0.1458067099272362,0.049129691112461606,0.02528001240814258,0.07365375255812902,0.05057206078507897,12,20,68.0,0.6
SF,2022,40.923042,55.376444,34.833,41.020642,17.660567999999998,26.494416,8.29,18.376208,33.796797000000005,276.771117,0.1478587883142445,0.2000802851115422,0.1258548954730706,0.14821142626670833,0.06380928830807153,0.09572680952832228,0.029952547396771893,0.06639496273738707,0.12211099686388159,15,20,174.0,0.75
SF,2023,33.052873,99.788421,36.172779000000006,38.626306,6.666753,24.142679,7.696021,20.745004,33.513598,300.40443400000004,0.1100279132364604,0.33218025337136,0.12041359882191353,0.12858101155723953,0.02219259187099748,0.08036725250200534,0.02561886619822662,0.0690569167830592,0.11156159565873784,14,20,196.0,0.7
SF,2024,55.66057,91.302345,37.593785,52.47271,5.429253,30.262853,5.748421,18.785,46.219777,343.47471400000006,0.16205143415593612,0.26581969873916245,0.10945139035766106,0.1527702269227306,0.015806849176093932,0.08810795021143826,0.016736082062797784,0.05469107108711355,0.13456529728706607,6,17,-47.0,0.35294117647058826
TB,2013,31.870873,16.430630999999998,3.63356,31.37851,0.776016,2.26267,0.0,0.628172,19.532611,106.513043,0.2992203781089984,0.15425933329122893,0.03411375637817427,0.2945978174710491,0.007285642942338997,0.021243126064851982,0.0,0.005897606361692248,0.18338233938166615,4,16,-101.0,0.25
TB,2014,17.14293,31.659793,1.733105,18.260473,5.776016,3.145543,0.465,4.771905,17.432707,100.387472,0.17076762327474487,0.3153759365511266,0.017264156228578003,0.18189991874683328,0.05753721938530338,0.03133401944816381,0.004632052095106051,0.04753486570515492,0.17365420856498906,2,16,-133.0,0.125
TB,2015,11.65173,27.174575,15.75668,21.807737,7.113835,3.687655,0.9925,4.650933,17.486907,110.32255200000002,0.10561512391410234,0.2463193110326164,0.1428237446863992,0.19767252120853765,0.06448214685969192,0.033426121252162475,0.008996347365133467,0.04215759077074286,0.15850709291061357,6,16,-75.0,0.375
TB,2016,27.705454,31.440953,14.548057,27.475715,7.113835,9.940773,5.013142,3.3372,21.747107,148.32223599999998,0.18679231615683034,0.2119773396620046,0.09808412677921065,0.18524339802967915,0.047962026408501564,0.06702146129997665,0.03379899154163238,0.022499660806084402,0.14662067931608044,9,16,-15.0,0.5625
TB,2017,26.369276,43.347131,13.814379,26.206467,11.689819,11.303173,7.18,5.030381,20.020271,164.96089700000002,0.1598516768492111,0.26277215866497133,0.0837433552510326,0.15886472174069227,0.07086418183092202,0.06852031727252307,0.04352546652313608,0.0304943843752256,0.12136373749228582,5,16,-47.0,0.3125
TB,2018,21.014487,64.477307,17.143946,37.321821,12.009819,4.988208,7.411333,11.848781,34.825875,211.041577,0.09957510410377572,0.3055194522167544,0.08123492178036558,0.176845821238343,0.05690736001276185,0.023636138768997166,0.03511788106094374,0.05614429710217717,0.16501902371588137,5,16,-68.0,0.3125
TB,2019,14.483968,25.409727,20.889453000000003,53.693298,9.063819,4.705487,4.001443,11.341581,26.802434,170.39121,0.08500419710617702,0.14912580877851622,0.12259701072608149,0.3151177692792956,0.05319417005137765,0.027615784875287874,0.02348385811685943,0.06656200751200722,0.15729939355439757,7,16,9.0,0.4375
TB,2020,13.549816,38.54907,21.232987,48.97985,26.3915,5.840597000000001,5.453106,20.109314,24.963923,205.070163,0.06607404900731463,0.18797990617484417,0.1035401088553287,0.23884435104291596,0.1286949774356009,0.028480969218325537,0.026591415934067403,0.09806065253871184,0.12173356979289084,15,20,182.0,0.75
TB,2021,13.097515,51.0331,23.63709,51.538197,29.533834,8.94661,8.826767,19.065681,45.636023,251.314817,0.0521159681563861,0.20306442974271588,0.09405370635190205,0.20507424757211987,0.11751728112393786,0.035599214191974995,0.03512235014778297,0.07586373627942518,0.18158906643375508,14,19,171.0,0.7368421052631579
TB,2022,30.595688,39.134481,23.631695,51.939601,29.828834,12.74711,7.927579,10.603655,56.724795,263.133438,0.11627442043302759,0.14872484963313556,0.08980878743354541,0.19738882824918663,0.11336010438931748,0.04844352012760916,0.030127600126594323,0.04029763408480225,0.21557425552278156,8,18,-62.0,0.4444444444444444
TB,2023,42.570311,32.233482,15.30186,30.838203,6.393834,5.323667,3.603579,5.126233,50.781925,192.17309400000002,0.2215206619923598,0.16773150355793304,0.07962540271116204,0.16047097102989868,0.033271223702106806,0.02770245766038403,0.018751735349590612,0.02667508178850469,0.26425096220806016,10,19,38.0,0.5263157894736842
TB,2024,32.283683,34.102882,12.649139,61.248057,36.688235000000006,6.039055,6.5675,6.131779,50.327214,246.03754400000003,0.13121445806661117,0.1386084474977526,0.05141141792571299,0.2489378490950958,0.1491164088355556,0.024545258019645976,0.02669308063000336,0.024922127331916462,0.20455095259770595,10,18,114.0,0.5555555555555556
TEN,2013,22.940337,18.16324,3.490368,22.044018,6.396501000000001,16.827083000000002,0.0,8.5495,11.285396,109.69644300000002,0.20912562315261213,0.16557729223726966,0.031818424595590575,0.20095472010883705,0.05831092444811542,0.15339679701373726,0.0,0.07793780514834012,0.10287841329549764,7,16,-19.0,0.4375
TEN,2014,24.672961,19.909353,6.790942,27.658269,5.73278,7.294207,0.745,7.5495,10.190394,110.543406,0.22319703990304043,0.18010439265821065,0.06143235716836878,0.2502027936428881,0.05185999063571462,0.06598500321222235,0.006739434100664493,0.0682944399234451,0.09218454875544543,2,16,-184.0,0.125
TEN,2015,30.385629,21.938644,6.190688,11.435306,8.639773,5.2967200000000005,6.55,8.6,9.614628,108.651388,0.2796616735351784,0.2019177518468517,0.05697753258338494,0.10524767525289232,0.07951829386661863,0.04874967635019997,0.06028454970128867,0.07915223319558513,0.08849061366800026,3,16,-124.0,0.1875
TEN,2016,28.625092,25.742311,11.385837,23.781446,8.638494,9.688712,6.55,12.285749,18.488911,145.18655199999998,0.19716076734159238,0.17730506472803353,0.0784221185995243,0.16379923396761983,0.059499270979312194,0.06673284726811339,0.045114371198787064,0.08462043371620259,0.12734589220081488,9,16,3.0,0.5625
TEN,2017,33.058671000000004,26.41445,8.043904,19.424972,10.818494,9.036983,7.75,12.137227,21.235062,147.919763,0.22349056224488412,0.17857282532287455,0.05438018447879747,0.13132100542913933,0.07313758338025461,0.06109381746372863,0.052393269451087486,0.0820527747870986,0.1435579774421353,10,18,-42.0,0.5555555555555556
TEN,2018,41.954244,31.586867,15.125722,38.843188,8.182694,9.417183,8.720667,13.581478,9.994462,177.40650499999998,0.23648650313019812,0.1780479639120336,0.08526024454402054,0.21895019012972497,0.046123979501202624,0.053082512391527024,0.04915641058370437,0.07655569337775975,0.056336502429829176,9,16,7.0,0.5625
TEN,2019,53.822877,30.09333,12.485464,44.532127,13.189494,9.54415,11.32125,11.883978,22.020701000000003,208.893371,0.25765718051435915,0.14406072273112008,0.05976955582759972,0.21318114015212097,0.06313983989468004,0.04568909944011579,0.05419631051863297,0.0568901633551598,0.10541598756621148,11,19,83.0,0.5789473684210527
TEN,2020,43.359967,27.337525,11.172718,52.352739,30.259,17.527896,10.02651,14.271778,19.838086,226.146219,0.19173421157220408,0.12088428946937202,0.049404841033402376,0.2314995105003281,0.13380281188782556,0.07750691600110281,0.04433640343109163,0.06310862973128019,0.08772238637339323,11,17,45.0,0.6470588235294118
TEN,2021,36.661074,16.290692,28.926013,49.826837,31.227,15.988141,7.738333000000001,9.226433,31.13085,227.015373,0.1614915920253559,0.07176030321083145,0.12741874093257993,0.2194866204060991,0.13755456111776182,0.07042756967828782,0.0340872642136002,0.040642326896513745,0.13713102151896997,12,18,62.0,0.6666666666666666
TEN,2022,48.009698,19.574276,17.796918,38.010399,32.942525,17.810052,5.603033999999999,13.43945,27.348802,220.535154,0.21769634967130908,0.08875807618408084,0.08069878056720155,0.17235528354812765,0.14937539164390998,0.0807583356982624,0.025406534506512278,0.06094017101690736,0.12401107716368882,7,17,-61.0,0.4117647058823529
TEN,2023,32.635056,38.248267,11.4193,27.381402,33.175566,13.244836,4.919834,6.309526,23.37757,190.711357,0.17112277167636114,0.20055579070731483,0.05987739891127721,0.1435750992008305,0.17395695003103567,0.0694496447843953,0.025797278554312842,0.03308416498761529,0.12258090114685724,6,17,-62.0,0.35294117647058826
TEN,2024,57.994571,36.37411,16.321196,21.71457,5.557941,11.677651,7.159167,4.937175,37.084822,198.821203,0.29169208376633754,0.18294884776449122,0.08208981614501146,0.10921657083022478,0.027954468216350142,0.05873443487815532,0.036008066000888246,0.024832235825471793,0.18652347657306953,3,17,-149.0,0.17647058823529413
WAS,2013,3.303144,14.532871,6.537215,22.339649,0.643172,1.968488,0.525,4.245413,17.5249,71.619852,0.04612050859864944,0.20291679742650126,0.0912765778963073,0.31191978726792124,0.008980359244529017,0.0274852285369146,0.007330369797469005,0.05927704234853767,0.24469332888317055,3,16,-144.0,0.1875
WAS,2014,13.043426,21.653396,5.363598,24.77,1.438172,1.290438,0.0,1.245413,23.376403,92.18084599999997,0.14149822404537277,0.2349012505266008,0.05818560181146527,0.26871092070472,0.01560163594072461,0.013998981957705187,0.0,0.013510539922794811,0.25359284509061686,4,16,-137.0,0.25
WAS,2015,26.586833,19.785,5.630985,31.384253,2.143172,1.3932289999999998,0.6,3.945,21.814809,113.28328099999997,0.23469335249920953,0.1746506618218447,0.04970711432695881,0.2770422318541428,0.018918696396161058,0.012298628603456499,0.005296456764877777,0.034824203229071385,0.19256865450427768,9,17,-8.0,0.5294117647058824
WAS,2016,28.439556,14.460867,5.679887,30.592505,23.572334,4.425409,2.16,15.82,21.40722,146.55777799999998,0.19405013086374714,0.09867007536099519,0.03875527506974076,0.20874023485809126,0.16083987026604624,0.030195661126903826,0.014738214712834964,0.10794377627641162,0.1460667614652291,8,16,13.0,0.5
WAS,2017,28.197109,17.276617,8.679967,40.739627,26.9436,6.020535,3.26,17.726529,13.858978,162.70296199999999,0.17330421433876542,0.10618501831576983,0.05334854936445472,0.2503926572645924,0.1655999354209667,0.03700322923438849,0.020036512918553996,0.1089502537759577,0.08517962936655082,7,16,-46.0,0.4375
WAS,2018,27.488838,15.706618,16.143891,45.235296,29.24,8.297431,5.71,16.804361999999998,15.947685,180.57412100000002,0.15223021907995332,0.08698155590080374,0.08940312659752611,0.25050818882291553,0.161927965303511,0.04595027767018729,0.03162136394948864,0.09306074373747053,0.08831655893814373,7,16,-78.0,0.4375
WAS,2019,48.305063,9.918751,8.652944999999999,39.852537,38.934154,6.641212,5.1850000000000005,17.890306,12.996146,188.376114,0.256428811351316,0.05265397395340685,0.045934406524597904,0.21155833483219638,0.20668307235597821,0.03525506423813372,0.02752472110131755,0.09497120213447019,0.06899041350858315,3,16,-169.0,0.1875
WAS,2020,38.610189,43.382547,16.894446000000002,49.414458,29.859154,7.967577,7.499,6.970562,10.539425,211.137358,0.1828676334957265,0.20547072962805568,0.08001637493256879,0.23403938776197059,0.14142051545420967,0.03773646253544576,0.035517163191934986,0.03301434699206571,0.04991738600802232,7,17,-2.0,0.4117647058823529
WAS,2021,36.08915,48.202287,10.153466,51.780717,13.6426,6.05766,5.283553,12.689271000000002,20.140367,204.03907099999998,0.17687372238623847,0.23624047474711352,0.049762361444980314,0.2537784393264563,0.0668626843532335,0.029688725646079817,0.025894810117029012,0.06219039783806898,0.09870838414080019,7,17,-99.0,0.4117647058823529
WAS,2022,29.777064,47.79371,11.234986,36.416096,36.4424,6.71156,7.140176,13.202825,47.642272,236.36108899999996,0.12598124389247506,0.20220633693221818,0.04753314535625617,0.15406975891873645,0.15418104627196064,0.02839536756407482,0.03020876249220531,0.05585870777571177,0.20156563079636178,8,17,-22.0,0.47058823529411764
WAS,2023,34.208833,50.52572,12.501877,27.96723,9.9454,3.06076,7.300176,13.672825,47.911905,207.09472599999998,0.16518447215309578,0.24397395808138544,0.06036791588792079,0.1350455926144638,0.04802343445482045,0.014779516886393333,0.03525041965578593,0.06602208208817448,0.23135260817796008,4,17,-189.0,0.23529411764705882
WAS,2024,43.202764,50.777861,17.72954,33.143068,17.936663,9.394001,6.203233,6.307592,37.887378,222.58210000000003,0.1940981058225257,0.22813092786886274,0.07965393443587782,0.14890266557822932,0.08058448096230558,0.04220465616956619,0.027869415375270514,0.02833827158607992,0.1702175422012821,14,20,79.0,0.7
